invoice_id,seller_gstin,buyer_gstin,invoice_amount,gst_rate,gst_amount,invoice_date
INV1000,04LRIAE9920Y1Z3,11BSCJB8479C9Z0,46500.43,0.28,13020.12,2023-10-19
INV1001,34EDFAY3260O5Z8,11XRMHL6521K5Z3,16407.16,0.12,1968.86,2023-10-13
INV1002,35ZWNWW1768N4Z0,02CINGM1893T2Z1,47279.74,0.28,13238.33,2023-10-28
INV1003,34EDFAY3260O5Z8,03KZUEF7185Y2Z7,22009.85,0.12,2641.18,2023-06-20
INV1004,04LRIAE9920Y1Z3,12STRRR6888J8Z7,32861.08,0.12,3943.33,2023-09-10
INV1005,06FYWTV9758O1Z5,18CITNZ3125J1Z2,22602.46,0.05,1130.12,2023-02-25
INV1006,02CELYJ2206I4Z9,01XYOKY1646T1Z1,15967.15,0.28,4470.8,2023-05-08
INV1007,01UTOBK2705M8Z1,01JYAWP6337N1Z2,4702.62,0.12,564.31,2023-05-08
INV1008,10LXFBX9583U8Z6,11BSCJB8479C9Z0,14401.77,0.05,720.09,2023-08-22
INV1009,33MFRAQ9868I7Z0,37KULXB9200G4Z8,46898.33,0.28,13131.53,2023-08-28
INV1010,07HNMMU9635J7Z2,29VRZAV8727Q9Z8,1728103.65,0.12,207372.44,2023-01-24
INV1011,26QULHA1004Z8Z6,36NATCJ5512K6Z4,33335.17,0.12,4000.22,2023-09-18
INV1012,28HAVTJ8091J7Z5,32HFVOI5101P4Z0,40640.48,0.12,4876.86,2023-03-22
INV1013,34EDFAY3260O5Z8,08ZMBRO5972K6Z5,4727.65,0.05,236.38,2023-12-03
INV1014,01UTOBK2705M8Z1,16PFRLW5496R5Z9,1455522.83,0.28,407546.39,2023-07-18
INV1015,21YKHVU8457A1Z8,10FKIKI5434K8Z1,39723.21,0.18,7150.18,2023-04-25
INV1016,32FBKUN8541E7Z4,35ESQLO5516Y8Z9,29708.43,0.28,8318.36,2023-08-08
INV1017,37GTYXE1033S4Z2,17LFFNX9073E8Z6,43160.44,0.28,12084.92,2023-10-31
INV1018,12RXSEK9807T6Z5,37RGLMX4735P1Z4,23448.19,0.12,2813.78,2023-05-20
INV1019,13KHQNV7883M8Z7,01ZDEDJ2085L5Z6,31613.14,0.12,3793.58,2023-12-26
INV1020,22ISKBY9599L4Z7,35WJHJI1026J3Z5,23274.32,0.18,4189.38,2023-03-19
INV1021,08JCDBO8072J3Z7,20PNMGX3734K6Z6,7771.96,0.18,1398.95,2023-02-26
INV1022,34EDFAY3260O5Z8,24IFHHW3270O6Z6,40893.85,0.18,7360.89,2023-03-18
INV1023,29NFATF6733F4Z6,31ZAASF7730S7Z5,1734141.09,0.18,312145.4,2023-04-12
INV1024,08SQAQX7359E2Z4,37KULXB9200G4Z8,2608.58,0.05,130.43,2023-04-10
INV1025,23SYSXH1968F8Z7,17DAYNJ3920A3Z4,46164.32,0.28,12926.01,2023-12-03
INV1026,35XRIQV3057F5Z5,15FEMBL7421N1Z0,44761.11,0.05,2238.06,2023-01-30
INV1027,32FBKUN8541E7Z4,24VALGC5905L3Z5,33743.99,0.18,6073.92,2023-07-10
INV1028,23SYSXH1968F8Z7,17GSPGB5434H1Z3,30469.01,0.12,3656.28,2023-10-05
INV1029,02CELYJ2206I4Z9,01XYOKY1646T1Z1,2683.68,0.05,134.18,2023-09-23
INV1030,23SYSXH1968F8Z7,05VYNMV6149X6Z5,12220.06,0.12,1466.41,2023-08-15
INV1031,21YKHVU8457A1Z8,20FODSS8225J9Z2,43897.66,0.28,12291.34,2023-06-09
INV1032,02CELYJ2206I4Z9,01XYOKY1646T1Z1,43769.52,0.05,2188.48,2023-07-06
INV1033,23SYSXH1968F8Z7,25TTYKO9170Z1Z0,34110.4,0.18,6139.87,2023-10-03
INV1034,33MFRAQ9868I7Z0,10WQDMV9123S1Z7,10775.67,0.18,1939.62,2023-06-13
INV1035,21XYWSR9958P2Z6,17TBLAE3334W6Z1,13699.8,0.05,684.99,2023-07-23
INV1036,02CELYJ2206I4Z9,01XYOKY1646T1Z1,24458.3,0.03,733.75,2023-09-21
INV1037,10LXFBX9583U8Z6,17MVDEJ6549K6Z0,35176.93,0.12,4221.23,2023-04-02
INV1038,22RSGTL7319Q3Z3,20PNMGX3734K6Z6,47037.59,0.12,5644.51,2023-07-10
INV1039,09AEBUY4210L8Z6,37OWSLV4043M2Z3,3093.02,0.05,154.65,2023-12-08
INV1040,04LRIAE9920Y1Z3,36NATCJ5512K6Z4,17851.77,0.05,892.59,2023-12-19
INV1041,28HAVTJ8091J7Z5,33OWCHF2872E5Z0,21295.21,0.18,3833.14,2023-01-29
INV1042,02CELYJ2206I4Z9,01XYOKY1646T1Z1,10078.91,0.28,2822.09,2023-01-18
INV1043,12RXSEK9807T6Z5,25USHWB5229P2Z8,35575.9,0.18,6403.66,2023-09-17
INV1044,02CELYJ2206I4Z9,01XYOKY1646T1Z1,1735.15,0.12,208.22,2023-03-11
INV1045,13KHQNV7883M8Z7,17DAYNJ3920A3Z4,20003.67,0.12,2400.44,2023-05-11
INV1046,33OELVX6056I9Z0,05VYNMV6149X6Z5,46906.58,0.05,2345.33,2024-01-01
INV1047,34EDFAY3260O5Z8,11OCBDK9323G8Z8,22746.0,0.05,1137.3,2023-09-27
INV1048,03RUAGW7194L3Z8,29WYNHT8402V4Z3,30711.4,0.12,3685.37,2023-08-09
INV1049,34EDFAY3260O5Z8,35WJHJI1026J3Z5,35423.26,0.28,9918.51,2023-06-08
INV1050,14PJTLR3904C6Z6,10WQDMV9123S1Z7,18492.21,0.12,2219.07,2023-08-28
INV1051,35ZWNWW1768N4Z0,23UCVVE7451Y3Z4,1850411.15,0.05,92520.56,2023-04-17
INV1052,31IENCT1361W3Z5,24HDPBI3016W5Z5,49840.57,0.05,2492.03,2023-04-03
INV1053,10LXFBX9583U8Z6,01MAWJC8251N1Z1,24907.17,0.18,4483.29,2023-07-07
INV1054,02CELYJ2206I4Z9,01XYOKY1646T1Z1,22081.97,0.12,2649.84,2023-06-03
INV1055,25RTVYK7453B7Z2,01MAWJC8251N1Z1,7416.87,0.18,1335.04,2023-01-26
INV1056,10CFMBX6397N9Z7,23BCARM9031R4Z1,46164.75,0.12,5539.77,2023-08-06
INV1057,22ISKBY9599L4Z7,37RGLMX4735P1Z4,43626.63,0.28,12215.46,2023-04-14
INV1058,10CFMBX6397N9Z7,21YXQEF8553O9Z7,40327.96,0.05,2016.4,2023-06-19
INV1059,23SYSXH1968F8Z7,19ECTVW9730R6Z6,19930.07,0.28,5580.42,2023-11-01
INV1060,28HAVTJ8091J7Z5,12STRRR6888J8Z7,26328.72,0.05,1316.44,2023-08-12
INV1061,02CELYJ2206I4Z9,01XYOKY1646T1Z1,18629.29,0.05,931.46,2023-07-15
INV1062,12QLQAL5735G3Z6,21YXQEF8553O9Z7,32243.81,0.05,1612.19,2023-07-22
INV1063,02CELYJ2206I4Z9,01XYOKY1646T1Z1,46176.35,0.05,2308.82,2023-05-03
INV1064,08KRVOG6541R7Z3,15FEMBL7421N1Z0,22292.34,0.18,4012.62,2023-08-03
INV1065,21XYWSR9958P2Z6,17LFFNX9073E8Z6,5952.24,0.12,714.27,2023-10-06
INV1066,33MFRAQ9868I7Z0,01QUIHB9973J5Z5,47736.13,0.18,8592.5,2023-11-04
INV1067,14PJTLR3904C6Z6,19ECTVW9730R6Z6,928277.84,0.28,259917.8,2023-02-23
INV1068,08SQAQX7359E2Z4,37KULXB9200G4Z8,29725.5,0.12,3567.06,2023-08-30
INV1069,21YKHVU8457A1Z8,37RGLMX4735P1Z4,26478.38,0.23,6090.03,2023-04-22
INV1070,09AEBUY4210L8Z6,37KULXB9200G4Z8,41932.93,0.28,11741.22,2023-12-15
INV1071,22RSGTL7319Q3Z3,10FKIKI5434K8Z1,4521.86,0.12,542.62,2023-03-23
INV1072,21YKHVU8457A1Z8,15LFVLH6706E1Z3,9860.91,0.05,493.05,2023-10-25
INV1073,04HLRPY2007M9Z8,08VCKRM1066K5Z4,37962.49,0.28,10629.5,2023-03-15
INV1074,14LQGWQ5015N5Z1,24IFHHW3270O6Z6,8562.82,0.12,782.66,2023-08-16
INV1075,13YCUYO6518G5Z4,05VYNMV6149X6Z5,2759.02,0.12,331.08,2023-08-13
INV1076,14PJTLR3904C6Z6,16URPBI4247V1Z6,31469.14,0.28,8811.36,2023-05-26
INV1077,02CELYJ2206I4Z9,01XYOKY1646T1Z1,34858.2,0.18,6274.48,2023-04-20
INV1078,21YKHVU8457A1Z8,11DXRLO6170Y1Z5,29757.02,0.18,5356.26,2023-06-17
INV1079,08SQAQX7359E2Z4,05TTNZK4254W8Z8,39097.86,0.18,7037.61,2023-11-18
INV1080,31WDTAH3920P7Z7,17WZHLU5422Z9Z0,30225.96,0.18,5440.67,2023-02-19
INV1081,12QLQAL5735G3Z6,22DMBHW6113V3Z7,28981.11,0.28,8114.71,2023-05-26
INV1082,35FSXPU8221I1Z4,22JEAUC8439X3Z3,1311.22,0.12,157.35,2023-07-29
INV1083,02CELYJ2206I4Z9,35TCDSA5098P6Z8,9704.05,0.18,1746.73,2023-07-12
INV1084,14ZACNQ2352Z5Z3,29VRZAV8727Q9Z8,982185.33,0.18,176793.36,2023-09-07
INV1085,02CELYJ2206I4Z9,01XYOKY1646T1Z1,7402.23,0.18,1144.6,2023-09-24
INV1086,22RSGTL7319Q3Z3,33RHUJZ4050T1Z0,16806.16,0.18,3025.11,2023-06-13
INV1087,02CELYJ2206I4Z9,01XYOKY1646T1Z1,4285.33,0.28,1199.89,2023-02-14
INV1088,23SYSXH1968F8Z7,11BSCJB8479C9Z0,37396.5,0.28,10471.02,2023-12-11
INV1089,35XRIQV3057F5Z5,27IJUKB1676T7Z7,44373.54,0.28,12424.59,2023-05-06
INV1090,10LXFBX9583U8Z6,05TTNZK4254W8Z8,1242035.16,0.12,149044.22,2023-03-07
INV1091,02CELYJ2206I4Z9,13IMKKH6338H7Z7,46011.42,0.05,2300.57,2023-11-16
INV1092,04RANKK9357P4Z5,01ZDEDJ2085L5Z6,1778641.04,0.12,213436.92,2023-08-15
INV1093,15SXXGJ5713W3Z4,28HVDSX8257E5Z2,25064.44,0.12,3007.73,2023-11-10
INV1094,31WDTAH3920P7Z7,37OWSLV4043M2Z3,31834.92,0.12,3820.19,2023-09-23
INV1095,21YKHVU8457A1Z8,02CYSZC6341S5Z6,2956.16,0.18,532.11,2023-10-31
INV1096,26QULHA1004Z8Z6,03BZPIR7129X9Z8,25016.73,0.12,3002.01,2023-12-01
INV1097,04RANKK9357P4Z5,29VRZAV8727Q9Z8,22443.26,0.18,4039.79,2023-08-19
INV1098,21UTLQM5095Q8Z0,16PFRLW5496R5Z9,24156.99,0.05,1207.85,2023-03-29
INV1099,24BJEAZ2954O6Z7,16URPBI4247V1Z6,48885.9,0.05,2444.3,2023-01-10
INV1100,07UQWTR6692N4Z0,01MAWJC8251N1Z1,37926.53,0.28,10619.43,2023-11-24
INV1101,04RANKK9357P4Z5,27YDVKG9822F1Z4,1927868.02,0.05,96393.4,2023-09-24
INV1102,21UTLQM5095Q8Z0,10AUNPR4896F5Z6,22047.25,0.12,2645.67,2023-05-19
INV1103,34EDFAY3260O5Z8,24IFHHW3270O6Z6,23895.12,0.18,4301.12,2023-07-22
INV1104,31WDTAH3920P7Z7,07WQXCI4905X2Z4,12823.01,0.12,1538.76,2023-10-17
INV1105,21UTLQM5095Q8Z0,35PKGRA5032Z4Z9,43379.31,0.05,2168.97,2023-04-03
INV1106,26QULHA1004Z8Z6,02CYSZC6341S5Z6,9315.32,0.05,580.63,2023-10-07
INV1107,25RTVYK7453B7Z2,04SJOVQ8737U3Z9,43517.22,0.12,5222.07,2023-06-21
INV1108,02CELYJ2206I4Z9,01XYOKY1646T1Z1,20661.35,0.28,5785.18,2023-05-09
INV1109,28HEZWO7744M6Z4,07MOZZN3438F8Z9,38548.92,0.28,10793.7,2023-10-11
INV1110,28HAVTJ8091J7Z5,16URPBI4247V1Z6,22848.05,0.28,6397.45,2023-07-23
INV1111,02CELYJ2206I4Z9,18LZWUC3350P8Z5,27542.28,0.05,1377.11,2023-06-15
INV1112,24BJEAZ2954O6Z7,15LFVLH6706E1Z3,46381.16,0.18,8348.61,2023-05-29
INV1113,14ZACNQ2352Z5Z3,29WYNHT8402V4Z3,20245.19,0.18,3644.13,2024-01-01
INV1114,22RSGTL7319Q3Z3,12XBKKZ7393R3Z0,9436.6,0.28,2642.25,2023-01-10
INV1115,26QULHA1004Z8Z6,25TTYKO9170Z1Z0,14718.82,0.12,1766.26,2023-09-12
INV1116,01UTOBK2705M8Z1,01MAWJC8251N1Z1,14158.92,0.28,3964.5,2023-04-26
INV1117,24CWCYK8367F5Z4,16PFRLW5496R5Z9,41767.73,0.12,5012.13,2023-04-06
INV1118,04LRIAE9920Y1Z3,29FPZTT9307H5Z7,12301.15,0.18,2214.21,2023-12-18
INV1119,12QLQAL5735G3Z6,04SJOVQ8737U3Z9,42289.52,0.18,7612.11,2023-06-03
INV1120,32FBKUN8541E7Z4,31PHUEW5472J2Z8,23623.3,0.12,2834.8,2023-09-11
INV1121,06FYWTV9758O1Z5,11OCBDK9323G8Z8,10861.01,0.05,543.05,2023-01-01
INV1122,08SQAQX7359E2Z4,04SJOVQ8737U3Z9,21401.91,0.18,3852.34,2023-06-13
INV1123,33MFRAQ9868I7Z0,24VALGC5905L3Z5,3973.45,0.28,1112.57,2023-01-05
INV1124,04RANKK9357P4Z5,34NSHLD1724C3Z8,18513.96,0.28,5183.91,2023-04-12
INV1125,02CELYJ2206I4Z9,01XYOKY1646T1Z1,26396.04,0.18,4751.29,2023-07-02
INV1126,04LRIAE9920Y1Z3,29ZSIMF3218E9Z6,3516.98,0.05,175.85,2023-04-11
INV1127,03RUAGW7194L3Z8,15FEMBL7421N1Z0,5520.11,0.12,662.41,2023-10-29
INV1128,24CWCYK8367F5Z4,36NATCJ5512K6Z4,47569.35,0.18,8562.48,2023-06-02
INV1129,24CWCYK8367F5Z4,33RHUJZ4050T1Z0,19790.43,0.05,989.52,2023-09-10
INV1130,34EDFAY3260O5Z8,07MOZZN3438F8Z9,7277.33,0.05,363.87,2023-07-09
INV1131,31WDTAH3920P7Z7,03TZBGG1203I4Z9,35009.34,0.12,4201.12,2023-01-04
INV1132,08KRVOG6541R7Z3,36NATCJ5512K6Z4,36641.46,0.12,4396.98,2023-03-25
INV1133,14ZACNQ2352Z5Z3,35MVUYE5085B6Z5,12315.57,0.12,1477.87,2023-01-07
INV1134,22RSGTL7319Q3Z3,03KZUEF7185Y2Z7,1324.27,0.28,370.8,2023-05-10
INV1135,35XRIQV3057F5Z5,35MVUYE5085B6Z5,45922.2,0.05,2296.11,2023-10-12
INV1136,10CFMBX6397N9Z7,29WYNHT8402V4Z3,9793.72,0.18,1762.87,2023-01-24
INV1137,23SYSXH1968F8Z7,16PFRLW5496R5Z9,1647191.37,0.05,82359.57,2023-05-01
INV1138,02CELYJ2206I4Z9,35MVUYE5085B6Z5,22348.68,0.28,6257.63,2023-08-19
INV1139,35ZWNWW1768N4Z0,35MVUYE5085B6Z5,41117.68,0.18,7401.18,2023-01-01
INV1140,02CELYJ2206I4Z9,01XYOKY1646T1Z1,7044.21,0.12,845.31,2023-04-27
INV1141,03RUAGW7194L3Z8,22DMBHW6113V3Z7,1691.45,0.18,304.46,2023-06-13
INV1142,31IENCT1361W3Z5,01XYOKY1646T1Z1,32783.87,0.05,1639.19,2023-01-21
INV1143,02CELYJ2206I4Z9,01XYOKY1646T1Z1,29408.95,0.18,5293.61,2023-02-10
INV1144,07UQWTR6692N4Z0,28HVDSX8257E5Z2,45256.28,0.28,12671.76,2023-06-09
INV1145,02CELYJ2206I4Z9,01XYOKY1646T1Z1,1220362.26,0.12,146443.47,2023-03-11
INV1146,34EDFAY3260O5Z8,26WHELH6539L4Z3,19349.93,0.28,5417.98,2023-05-20
INV1147,02CELYJ2206I4Z9,26WHELH6539L4Z3,43391.14,0.05,2169.56,2023-07-18
INV1148,07UQWTR6692N4Z0,05VYNMV6149X6Z5,8606.44,0.18,1549.16,2023-02-25
INV1149,34EDFAY3260O5Z8,29VRZAV8727Q9Z8,46541.87,0.12,5585.02,2023-01-14
INV1150,31WDTAH3920P7Z7,16URPBI4247V1Z6,45332.39,0.28,12693.07,2023-06-11
INV1151,28HEZWO7744M6Z4,23UCVVE7451Y3Z4,40301.43,0.18,7254.26,2023-08-30
INV1152,32FBKUN8541E7Z4,17TBLAE3334W6Z1,21560.08,0.05,1078.0,2023-03-30
INV1153,02CELYJ2206I4Z9,15LFVLH6706E1Z3,10072.36,0.05,503.62,2023-04-10
INV1154,33OELVX6056I9Z0,34KKSJA1459Q1Z8,26654.07,0.12,3198.49,2023-02-27
INV1155,04RANKK9357P4Z5,11XRMHL6521K5Z3,12383.45,0.12,1486.01,2023-04-15
INV1156,15SXXGJ5713W3Z4,26HDERP2361K6Z9,34938.02,0.28,9782.65,2023-12-21
INV1157,06FYWTV9758O1Z5,22SXIJK8665E7Z4,47009.32,0.18,8461.68,2023-10-24
INV1158,24BJEAZ2954O6Z7,08VCKRM1066K5Z4,26085.52,0.05,1304.28,2023-06-22
INV1159,04RANKK9357P4Z5,22JEAUC8439X3Z3,25318.61,0.28,7089.21,2023-08-13
INV1160,03RUAGW7194L3Z8,20PNMGX3734K6Z6,3229.16,0.18,581.25,2023-04-18
INV1161,23SYSXH1968F8Z7,22DMBHW6113V3Z7,37236.75,0.28,10426.29,2023-10-20
INV1162,37GTYXE1033S4Z2,14YNGBI5543Z1Z0,49653.28,0.18,8937.59,2023-06-01
INV1163,12QLQAL5735G3Z6,23BCARM9031R4Z1,26640.84,0.12,3196.9,2023-02-27
INV1164,09LNJRK4459E6Z2,37RGLMX4735P1Z4,15325.49,0.18,2758.59,2023-01-20
INV1165,35FSXPU8221I1Z4,18CITNZ3125J1Z2,16179.34,0.18,2912.28,2023-06-12
INV1166,09LNJRK4459E6Z2,35ESQLO5516Y8Z9,3727.17,0.18,670.89,2023-01-10
INV1167,08SQAQX7359E2Z4,10FKIKI5434K8Z1,7874.18,0.28,2204.77,2023-05-29
INV1168,14ZACNQ2352Z5Z3,20PNMGX3734K6Z6,42635.83,0.28,11938.03,2023-09-16
INV1169,02CELYJ2206I4Z9,01XYOKY1646T1Z1,13419.71,0.28,3757.52,2023-06-13
INV1170,09LNJRK4459E6Z2,35WJHJI1026J3Z5,3404.15,0.18,612.75,2023-11-02
INV1171,32FBKUN8541E7Z4,28HVDSX8257E5Z2,21079.53,0.05,1053.98,2023-07-16
INV1172,01UTOBK2705M8Z1,17WZHLU5422Z9Z0,1434996.34,0.18,258299.34,2023-05-27
INV1173,04HLRPY2007M9Z8,27YDVKG9822F1Z4,35285.28,0.28,9879.88,2023-12-12
INV1174,08SQAQX7359E2Z4,12GZHTP6858V6Z3,19033.46,0.05,951.67,2023-11-10
INV1175,08SQAQX7359E2Z4,28YEAEP6931W7Z9,26054.44,0.12,3126.53,2023-04-16
INV1176,21YKHVU8457A1Z8,17MVDEJ6549K6Z0,14824.29,0.12,1778.91,2023-09-18
INV1177,02CELYJ2206I4Z9,01XYOKY1646T1Z1,47654.64,0.28,13343.3,2023-06-19
INV1178,06FYWTV9758O1Z5,17WZHLU5422Z9Z0,3409.28,0.05,170.46,2023-06-26
INV1179,09LNJRK4459E6Z2,07MOZZN3438F8Z9,6113.39,0.28,1711.75,2023-10-07
INV1180,24BJEAZ2954O6Z7,35WJHJI1026J3Z5,41892.25,0.18,7540.6,2023-11-16
INV1181,13HJMVE7454E9Z2,37OWSLV4043M2Z3,49534.78,0.28,13869.74,2023-05-17
INV1182,09LNJRK4459E6Z2,05TTNZK4254W8Z8,1363485.75,0.12,163618.29,2023-06-26
INV1183,35XRIQV3057F5Z5,24HXOPB2095U3Z1,29073.28,0.12,3488.79,2023-03-17
INV1184,23SYSXH1968F8Z7,17LFFNX9073E8Z6,2014.2,0.05,100.71,2023-12-20
INV1185,12RXSEK9807T6Z5,10AUNPR4896F5Z6,5113.25,0.28,1474.59,2023-05-14
INV1186,21YKHVU8457A1Z8,28HVDSX8257E5Z2,49448.78,0.12,5933.85,2023-05-26
INV1187,10LXFBX9583U8Z6,20NZFWE7462C3Z9,6667.57,0.12,800.11,2023-06-15
INV1188,13YCUYO6518G5Z4,21YXQEF8553O9Z7,1140.44,0.12,136.85,2023-11-18
INV1189,29NFATF6733F4Z6,28YEAEP6931W7Z9,46006.86,0.12,5520.82,2023-04-07
INV1190,31WDTAH3920P7Z7,20PNMGX3734K6Z6,18402.82,0.05,920.14,2023-06-05
INV1191,04HLRPY2007M9Z8,33OWCHF2872E5Z0,9091.59,0.18,1636.49,2023-03-08
INV1192,02CELYJ2206I4Z9,15QWRYC1831O9Z3,15788.81,0.28,2756.2,2023-12-03
INV1193,02CELYJ2206I4Z9,22SXIJK8665E7Z4,32310.69,0.12,3877.28,2023-08-17
INV1194,02CELYJ2206I4Z9,01XYOKY1646T1Z1,30954.81,0.18,5571.87,2023-05-20
INV1195,14PJTLR3904C6Z6,33RHUJZ4050T1Z0,38424.99,0.12,4611.0,2023-06-17
INV1196,31WDTAH3920P7Z7,10FKIKI5434K8Z1,15840.78,0.05,792.04,2023-11-15
INV1197,22RSGTL7319Q3Z3,20NZFWE7462C3Z9,35445.51,0.28,9924.74,2023-11-19
INV1198,24BJEAZ2954O6Z7,08XRTSN2410F6Z6,16173.53,0.05,808.68,2023-10-05
INV1199,24CWCYK8367F5Z4,22DMBHW6113V3Z7,13582.31,0.18,2444.82,2023-08-11
INV1200,15SXXGJ5713W3Z4,01MAWJC8251N1Z1,25680.77,0.18,4622.54,2023-08-11
INV1201,23SYSXH1968F8Z7,07QIINQ3774O9Z6,45491.45,0.28,12737.61,2023-06-29
INV1202,14LQGWQ5015N5Z1,22DMBHW6113V3Z7,1044227.01,0.12,125307.24,2023-06-04
INV1203,26QULHA1004Z8Z6,05PISWJ3574J3Z4,47910.52,0.05,2395.53,2023-07-01
INV1204,07UQWTR6692N4Z0,15QWRYC1831O9Z3,3368.38,0.18,606.31,2023-04-09
INV1205,02CELYJ2206I4Z9,01XYOKY1646T1Z1,24937.0,0.05,1246.85,2023-04-10
INV1206,08JCDBO8072J3Z7,27TVRDQ3605V1Z1,42415.51,0.18,7634.79,2023-06-07
INV1207,06FYWTV9758O1Z5,32HFVOI5101P4Z0,26492.57,0.06,1589.55,2023-06-14
INV1208,06QJYPA1654E8Z0,25USHWB5229P2Z8,42995.57,0.28,12038.76,2023-02-10
INV1209,34EDFAY3260O5Z8,22JEAUC8439X3Z3,15084.72,0.28,4223.72,2023-06-15
INV1210,25RTVYK7453B7Z2,07WQXCI4905X2Z4,42476.67,0.28,11893.47,2023-11-20
INV1211,13YCUYO6518G5Z4,24HDPBI3016W5Z5,34444.11,0.28,9644.35,2023-05-10
INV1212,37GTYXE1033S4Z2,33RHUJZ4050T1Z0,1185575.92,0.05,59278.8,2023-09-01
INV1213,35FSXPU8221I1Z4,04SJOVQ8737U3Z9,28537.9,0.05,1426.9,2023-06-12
INV1214,22ISKBY9599L4Z7,11XRMHL6521K5Z3,26120.52,0.12,3134.46,2023-08-30
INV1215,22RSGTL7319Q3Z3,37KULXB9200G4Z8,24257.07,0.05,1212.85,2023-04-10
INV1216,09AEBUY4210L8Z6,07MOZZN3438F8Z9,23452.52,0.05,1172.63,2023-09-17
INV1217,22RSGTL7319Q3Z3,06RJBFW2871N5Z9,25044.36,0.05,1252.22,2023-06-27
INV1218,02CELYJ2206I4Z9,01XYOKY1646T1Z1,1542.41,0.18,277.63,2023-06-13
INV1219,13YCUYO6518G5Z4,10AUNPR4896F5Z6,16402.06,0.12,1968.25,2023-10-28
INV1220,24CWCYK8367F5Z4,12STRRR6888J8Z7,1574628.7,0.12,188955.44,2023-11-17
INV1221,32FBKUN8541E7Z4,02CINGM1893T2Z1,12214.83,0.28,3420.15,2023-05-23
INV1222,35XRIQV3057F5Z5,07MOZZN3438F8Z9,29331.44,0.12,3519.77,2023-02-20
INV1223,23SYSXH1968F8Z7,31ZAASF7730S7Z5,25236.93,0.05,1261.85,2023-04-16
INV1224,08KRVOG6541R7Z3,25TTYKO9170Z1Z0,45165.04,0.12,5419.8,2023-03-23
INV1225,15SXXGJ5713W3Z4,03BZPIR7129X9Z8,31037.91,0.28,8690.61,2023-08-25
INV1226,02CELYJ2206I4Z9,01XYOKY1646T1Z1,26486.85,0.28,7416.32,2023-05-31
INV1227,23SYSXH1968F8Z7,23BYGAK8020C1Z0,6960.52,0.12,835.26,2023-06-26
INV1228,35ZWNWW1768N4Z0,30DJYKH1260X4Z8,35948.83,0.18,6470.79,2023-11-22
INV1229,34EDFAY3260O5Z8,07QIINQ3774O9Z6,25002.03,0.12,3000.24,2023-03-03
INV1230,04RANKK9357P4Z5,35ESQLO5516Y8Z9,44706.16,0.18,8047.11,2023-08-21
INV1231,02CELYJ2206I4Z9,01XYOKY1646T1Z1,41031.51,0.12,4923.78,2023-08-20
INV1232,13YCUYO6518G5Z4,24VALGC5905L3Z5,30981.64,0.05,1549.08,2023-03-17
INV1233,24CWCYK8367F5Z4,29WYNHT8402V4Z3,33051.86,0.28,6553.75,2023-11-11
INV1234,15SXXGJ5713W3Z4,35WJHJI1026J3Z5,17690.76,0.18,3184.34,2023-06-14
INV1235,02CELYJ2206I4Z9,01XYOKY1646T1Z1,42826.63,0.18,7708.79,2023-03-29
INV1236,21XYWSR9958P2Z6,17MVDEJ6549K6Z0,18731.74,0.12,2247.81,2023-07-03
INV1237,31IENCT1361W3Z5,35ESQLO5516Y8Z9,16975.83,0.12,2037.1,2023-04-06
INV1238,22ISKBY9599L4Z7,03KZUEF7185Y2Z7,30114.91,0.28,8432.17,2023-04-26
INV1239,12RXSEK9807T6Z5,29VRZAV8727Q9Z8,37883.74,0.28,10607.45,2023-05-16
INV1240,02CELYJ2206I4Z9,01XYOKY1646T1Z1,25887.59,0.12,3106.51,2023-02-05
INV1241,09LNJRK4459E6Z2,11OCBDK9323G8Z8,19863.88,0.05,993.19,2023-10-25
INV1242,07UQWTR6692N4Z0,35PKGRA5032Z4Z9,16489.78,0.25,4122.44,2023-03-20
INV1243,23SYSXH1968F8Z7,08ZMBRO5972K6Z5,24576.62,0.05,1228.83,2023-09-08
INV1244,21XYWSR9958P2Z6,06RJBFW2871N5Z9,22335.26,0.05,1116.76,2023-04-13
INV1245,31IENCT1361W3Z5,23BYGAK8020C1Z0,40753.33,0.12,4890.4,2023-12-21
INV1246,13HJMVE7454E9Z2,25USHWB5229P2Z8,12107.32,0.12,1452.88,2023-03-17
INV1247,12QLQAL5735G3Z6,37RGLMX4735P1Z4,31477.06,0.12,3777.25,2023-04-22
INV1248,33OELVX6056I9Z0,37RGLMX4735P1Z4,38449.44,0.05,1922.47,2023-07-17
INV1249,07HNMMU9635J7Z2,11DXRLO6170Y1Z5,11325.8,0.05,566.29,2023-02-14
INV1250,15SXXGJ5713W3Z4,25LXVWI8702B1Z2,47012.46,0.18,8462.24,2023-09-29
INV1251,24CWCYK8367F5Z4,11BSCJB8479C9Z0,25342.66,0.12,3041.12,2023-10-23
INV1252,35FSXPU8221I1Z4,05PISWJ3574J3Z4,14944.5,0.12,1793.34,2023-06-21
INV1253,31WDTAH3920P7Z7,15FEMBL7421N1Z0,10401.98,0.28,2912.55,2023-12-10
INV1254,28HEZWO7744M6Z4,26WHELH6539L4Z3,9982.12,0.12,1197.85,2023-09-26
INV1255,07UQWTR6692N4Z0,07MOZZN3438F8Z9,3948.32,0.12,473.8,2023-07-24
INV1256,26QULHA1004Z8Z6,23BYGAK8020C1Z0,19272.28,0.28,5396.24,2023-12-08
INV1257,34EDFAY3260O5Z8,24VALGC5905L3Z5,17506.37,0.18,3151.15,2023-03-22
INV1258,14LQGWQ5015N5Z1,15FEMBL7421N1Z0,25998.79,0.12,3119.85,2023-08-27
INV1259,33MFRAQ9868I7Z0,05PISWJ3574J3Z4,38302.69,0.12,4596.32,2023-10-31
INV1260,15SXXGJ5713W3Z4,23UCVVE7451Y3Z4,39318.09,0.05,1965.9,2023-11-17
INV1261,26QULHA1004Z8Z6,36NATCJ5512K6Z4,38402.04,0.12,4608.24,2023-11-05
INV1262,06QJYPA1654E8Z0,12KLYBY9946Z6Z3,43077.64,0.05,2153.88,2023-04-05
INV1263,22RSGTL7319Q3Z3,11DXRLO6170Y1Z5,3487.1,0.05,174.36,2023-07-23
INV1264,14LQGWQ5015N5Z1,10WQDMV9123S1Z7,27378.11,0.05,1066.73,2023-01-15
INV1265,06FYWTV9758O1Z5,02CINGM1893T2Z1,20718.43,0.12,2486.21,2023-04-13
INV1266,08KRVOG6541R7Z3,30DJYKH1260X4Z8,28819.45,0.28,8069.45,2023-09-20
INV1267,12QLQAL5735G3Z6,12KLYBY9946Z6Z3,14010.16,0.28,3922.84,2023-10-22
INV1268,06QJYPA1654E8Z0,05VYNMV6149X6Z5,41446.76,0.12,4973.61,2023-05-29
INV1269,26QULHA1004Z8Z6,16URPBI4247V1Z6,4352.78,0.12,522.33,2023-02-15
INV1270,22RSGTL7319Q3Z3,23UCVVE7451Y3Z4,42941.56,0.18,7729.48,2023-04-07
INV1271,25RTVYK7453B7Z2,15FEMBL7421N1Z0,9486.69,0.12,1138.4,2023-10-21
INV1272,06QJYPA1654E8Z0,02CINGM1893T2Z1,43747.38,0.12,5249.69,2023-05-01
INV1273,02CELYJ2206I4Z9,01XYOKY1646T1Z1,3893.11,0.18,700.76,2023-02-08
INV1274,31IENCT1361W3Z5,12XBKKZ7393R3Z0,804734.58,0.18,144852.22,2023-12-13
INV1275,35ZWNWW1768N4Z0,35MVUYE5085B6Z5,11073.76,0.18,1993.28,2023-04-03
INV1276,08KRVOG6541R7Z3,35WJHJI1026J3Z5,832251.99,0.12,124304.77,2023-02-27
INV1277,21XYWSR9958P2Z6,12XBKKZ7393R3Z0,14310.42,0.05,715.52,2023-01-08
INV1278,28HEZWO7744M6Z4,08VCKRM1066K5Z4,47088.45,0.05,2354.42,2023-10-23
INV1279,24CWCYK8367F5Z4,11DXRLO6170Y1Z5,5412.45,0.28,1515.49,2023-12-01
INV1280,21XYWSR9958P2Z6,11XRMHL6521K5Z3,20201.61,0.28,5656.45,2023-06-21
INV1281,23OFABF8022B3Z3,05TTNZK4254W8Z8,10810.83,0.12,1297.3,2023-07-31
INV1282,07UQWTR6692N4Z0,17TBLAE3334W6Z1,2279.86,0.05,113.99,2023-03-30
INV1283,26QULHA1004Z8Z6,26HDERP2361K6Z9,16548.22,0.28,4633.5,2023-08-29
INV1284,06QJYPA1654E8Z0,01MAWJC8251N1Z1,37185.25,0.28,10411.87,2023-02-09
INV1285,29NFATF6733F4Z6,28YEAEP6931W7Z9,15042.82,0.18,2707.71,2023-05-16
INV1286,06FYWTV9758O1Z5,29VRZAV8727Q9Z8,47358.56,0.12,5683.03,2023-05-13
INV1287,34EDFAY3260O5Z8,10FKIKI5434K8Z1,8470.12,0.28,2371.63,2023-10-03
INV1288,15SXXGJ5713W3Z4,05VYNMV6149X6Z5,2309.36,0.28,646.62,2023-03-15
INV1289,04HLRPY2007M9Z8,31ZAASF7730S7Z5,42941.91,0.18,7729.54,2023-06-30
INV1290,07UQWTR6692N4Z0,02CYSZC6341S5Z6,43515.38,0.18,4396.36,2023-11-04
INV1291,04LRIAE9920Y1Z3,11DYJGZ9672C5Z6,19421.69,0.05,971.08,2023-01-29
INV1292,03RUAGW7194L3Z8,34NSHLD1724C3Z8,18538.93,0.28,5190.9,2023-10-15
INV1293,35FSXPU8221I1Z4,24VALGC5905L3Z5,33497.34,0.18,6029.52,2023-10-26
INV1294,02CELYJ2206I4Z9,01XYOKY1646T1Z1,35382.07,0.12,4245.85,2023-09-27
INV1295,14ZACNQ2352Z5Z3,37OWSLV4043M2Z3,18531.92,0.18,3335.75,2023-03-05
INV1296,29NFATF6733F4Z6,24HDPBI3016W5Z5,9814.55,0.18,1766.62,2023-11-20
INV1297,06FYWTV9758O1Z5,08XRTSN2410F6Z6,28465.14,0.27,6279.52,2023-06-06
INV1298,02CELYJ2206I4Z9,01XYOKY1646T1Z1,23702.57,0.05,1185.13,2023-11-21
INV1299,25RTVYK7453B7Z2,35PKGRA5032Z4Z9,48835.24,0.05,2441.76,2023-09-14
INV1300,33MFRAQ9868I7Z0,12STRRR6888J8Z7,42458.73,0.12,6628.97,2023-03-31
INV1301,13KHQNV7883M8Z7,17GSPGB5434H1Z3,30409.11,0.18,5473.64,2023-05-18
INV1302,21UTLQM5095Q8Z0,01MAWJC8251N1Z1,33258.16,0.28,9312.28,2023-06-05
INV1303,02CELYJ2206I4Z9,01XYOKY1646T1Z1,48944.63,0.28,13704.5,2023-01-26
INV1304,25RTVYK7453B7Z2,34NSHLD1724C3Z8,4861.26,0.05,243.06,2023-12-27
INV1305,28HEZWO7744M6Z4,05PISWJ3574J3Z4,9413.04,0.05,470.65,2023-08-29
INV1306,01UTOBK2705M8Z1,22DMBHW6113V3Z7,26478.82,0.05,1323.94,2023-02-07
INV1307,29NFATF6733F4Z6,20FODSS8225J9Z2,22067.35,0.05,1103.37,2023-08-10
INV1308,31WDTAH3920P7Z7,15FEMBL7421N1Z0,42762.54,0.12,5131.5,2023-08-28
INV1309,08KRVOG6541R7Z3,07MOZZN3438F8Z9,40747.19,0.12,4889.66,2023-06-03
INV1310,26QULHA1004Z8Z6,08ZMBRO5972K6Z5,43180.82,0.12,5181.7,2023-03-02
INV1311,13YCUYO6518G5Z4,01XYOKY1646T1Z1,32735.06,0.05,1636.75,2023-08-07
INV1312,08SQAQX7359E2Z4,18CITNZ3125J1Z2,7614.56,0.28,2132.08,2023-01-12
INV1313,21XYWSR9958P2Z6,05TTNZK4254W8Z8,47446.33,0.18,8540.34,2023-05-22
INV1314,31IENCT1361W3Z5,16URPBI4247V1Z6,30785.42,0.12,3694.25,2023-07-01
INV1315,02CELYJ2206I4Z9,01XYOKY1646T1Z1,41216.23,0.28,11540.54,2023-04-12
INV1316,25RTVYK7453B7Z2,27YDVKG9822F1Z4,21222.14,0.05,1061.11,2023-01-17
INV1317,08KRVOG6541R7Z3,35PKGRA5032Z4Z9,26783.05,0.18,4820.95,2023-01-26
INV1318,28HAVTJ8091J7Z5,03KZUEF7185Y2Z7,20456.76,0.29,5932.46,2023-07-23
INV1319,15SXXGJ5713W3Z4,35TCDSA5098P6Z8,35756.2,0.05,1787.81,2023-03-27
INV1320,01UTOBK2705M8Z1,17WZHLU5422Z9Z0,1681540.04,0.12,201784.8,2023-01-29
INV1321,01UTOBK2705M8Z1,34NSHLD1724C3Z8,32986.97,0.28,9236.35,2023-05-24
INV1322,14ZACNQ2352Z5Z3,10AUNPR4896F5Z6,6393.37,0.12,767.2,2023-05-27
INV1323,02CELYJ2206I4Z9,01XYOKY1646T1Z1,41504.24,0.28,11621.19,2023-03-07
INV1324,33OELVX6056I9Z0,29VRZAV8727Q9Z8,37496.65,0.12,4499.6,2023-10-14
INV1325,23SYSXH1968F8Z7,30DJYKH1260X4Z8,23224.95,0.28,6502.99,2023-05-04
INV1326,08KRVOG6541R7Z3,33OWCHF2872E5Z0,922723.13,0.05,46136.16,2023-09-24
INV1327,06FYWTV9758O1Z5,24HDPBI3016W5Z5,3595.95,0.28,1006.87,2023-03-12
INV1328,24CWCYK8367F5Z4,20NZFWE7462C3Z9,36393.69,0.18,6550.86,2023-09-04
INV1329,37GTYXE1033S4Z2,15LFVLH6706E1Z3,48950.83,0.12,5874.1,2023-10-23
INV1330,10CFMBX6397N9Z7,29ZSIMF3218E9Z6,42652.76,0.18,7677.5,2023-01-28
INV1331,09LNJRK4459E6Z2,27TVRDQ3605V1Z1,1053746.88,0.28,295049.13,2023-02-05
INV1332,21UTLQM5095Q8Z0,18LZWUC3350P8Z5,45587.91,0.18,8205.82,2023-02-28
INV1333,23SYSXH1968F8Z7,03KZUEF7185Y2Z7,5155.36,0.18,927.96,2023-07-22
INV1334,07HNMMU9635J7Z2,12STRRR6888J8Z7,20063.44,0.28,5617.76,2023-08-23
INV1335,21UTLQM5095Q8Z0,27IJUKB1676T7Z7,3586.84,0.12,430.42,2023-08-31
INV1336,22ISKBY9599L4Z7,32HFVOI5101P4Z0,43391.33,0.12,5206.96,2023-08-07
INV1337,22ISKBY9599L4Z7,02CINGM1893T2Z1,47300.78,0.28,13244.22,2023-07-22
INV1338,10CFMBX6397N9Z7,06RJBFW2871N5Z9,1341575.63,0.18,241483.61,2023-05-18
INV1339,07UQWTR6692N4Z0,29FPZTT9307H5Z7,27578.48,0.28,7721.97,2023-04-11
INV1340,23OFABF8022B3Z3,11DYJGZ9672C5Z6,17229.36,0.18,3101.28,2023-02-21
INV1341,12RXSEK9807T6Z5,17WZHLU5422Z9Z0,1865531.33,0.12,223863.76,2023-11-21
INV1342,04LRIAE9920Y1Z3,34NSHLD1724C3Z8,20119.1,0.05,1005.95,2023-10-12
INV1343,28HEZWO7744M6Z4,23UCVVE7451Y3Z4,37768.39,0.05,1888.42,2023-07-16
INV1344,32FBKUN8541E7Z4,29WYNHT8402V4Z3,26913.93,0.12,3229.67,2023-06-16
INV1345,29NFATF6733F4Z6,21YXQEF8553O9Z7,25833.99,0.18,4650.12,2023-04-10
INV1346,23OFABF8022B3Z3,15QWRYC1831O9Z3,40676.53,0.12,4881.18,2023-04-15
INV1347,24BJEAZ2954O6Z7,12KLYBY9946Z6Z3,31028.87,0.12,3723.46,2023-11-25
INV1348,12QLQAL5735G3Z6,31PHUEW5472J2Z8,10399.53,0.18,1871.92,2023-04-15
INV1349,13HJMVE7454E9Z2,24IFHHW3270O6Z6,19398.82,0.18,3491.79,2023-09-17
INV1350,24CWCYK8367F5Z4,20NZFWE7462C3Z9,47050.24,0.18,8469.04,2023-07-09
INV1351,13KHQNV7883M8Z7,12KLYBY9946Z6Z3,34936.02,0.28,9782.09,2023-09-01
INV1352,35XRIQV3057F5Z5,03TZBGG1203I4Z9,14584.34,0.05,729.22,2023-01-14
INV1353,02CELYJ2206I4Z9,01XYOKY1646T1Z1,3436.9,0.28,962.33,2023-01-24
INV1354,08SQAQX7359E2Z4,13IMKKH6338H7Z7,18619.68,0.05,930.98,2023-01-27
INV1355,02CELYJ2206I4Z9,26WHELH6539L4Z3,27118.84,0.18,4881.39,2023-06-05
INV1356,02CELYJ2206I4Z9,01XYOKY1646T1Z1,42246.37,0.05,2112.32,2023-10-10
INV1357,14ZACNQ2352Z5Z3,01JYAWP6337N1Z2,22894.92,0.05,1144.75,2023-09-04
INV1358,14PJTLR3904C6Z6,35ESQLO5516Y8Z9,48660.37,0.28,13624.9,2023-12-20
INV1359,04HLRPY2007M9Z8,28HVDSX8257E5Z2,20345.94,0.18,3662.27,2023-12-20
INV1360,03RUAGW7194L3Z8,17MVDEJ6549K6Z0,15667.26,0.12,1880.07,2023-09-13
INV1361,02CELYJ2206I4Z9,35WJHJI1026J3Z5,1064.62,0.18,191.63,2023-05-10
INV1362,02CELYJ2206I4Z9,18CITNZ3125J1Z2,36073.83,0.12,4328.86,2023-03-25
INV1363,21XYWSR9958P2Z6,29WYNHT8402V4Z3,32012.71,0.28,8963.56,2023-11-15
INV1364,02CELYJ2206I4Z9,01XYOKY1646T1Z1,3473.53,0.18,625.24,2023-02-10
INV1365,02CELYJ2206I4Z9,16PFRLW5496R5Z9,40849.45,0.18,7352.9,2023-08-21
INV1366,15SXXGJ5713W3Z4,26HDERP2361K6Z9,30336.97,0.05,1516.85,2023-08-26
INV1367,12QLQAL5735G3Z6,29VRZAV8727Q9Z8,34459.64,0.28,9648.7,2023-09-01
INV1368,04LRIAE9920Y1Z3,24HXOPB2095U3Z1,18580.87,0.18,3344.56,2023-03-05
INV1369,13YCUYO6518G5Z4,35TCDSA5098P6Z8,19555.24,0.05,977.76,2023-01-19
INV1370,28HAVTJ8091J7Z5,34KKSJA1459Q1Z8,9162.12,0.18,1649.18,2023-05-25
INV1371,34EDFAY3260O5Z8,01ZDEDJ2085L5Z6,23351.41,0.18,4203.25,2023-10-16
INV1372,12RXSEK9807T6Z5,17DAYNJ3920A3Z4,5065.4,0.28,1418.31,2023-02-22
INV1373,23OFABF8022B3Z3,26HDERP2361K6Z9,29280.97,0.05,1464.05,2023-02-18
INV1374,04LRIAE9920Y1Z3,17DAYNJ3920A3Z4,5675.84,0.28,1589.24,2023-02-09
INV1375,02CELYJ2206I4Z9,01XYOKY1646T1Z1,45112.28,0.18,8120.21,2023-10-26
INV1376,10LXFBX9583U8Z6,27TVRDQ3605V1Z1,11522.4,0.05,576.12,2023-09-18
INV1377,14ZACNQ2352Z5Z3,22NYCDV8659B4Z0,36852.12,0.28,10318.59,2023-12-01
INV1378,01UTOBK2705M8Z1,35PKGRA5032Z4Z9,46455.49,0.12,5574.66,2023-09-30
INV1379,23SYSXH1968F8Z7,21YXQEF8553O9Z7,1285.86,0.05,64.29,2023-12-06
INV1380,24BJEAZ2954O6Z7,02CINGM1893T2Z1,2178.24,0.28,609.91,2023-01-22
INV1381,21UTLQM5095Q8Z0,17WZHLU5422Z9Z0,8478.42,0.12,1017.41,2023-08-25
INV1382,23OFABF8022B3Z3,07MOZZN3438F8Z9,22137.81,0.28,6198.59,2023-02-15
INV1383,13HJMVE7454E9Z2,37KULXB9200G4Z8,20843.04,0.12,2501.16,2023-05-08
INV1384,14LQGWQ5015N5Z1,17TBLAE3334W6Z1,22527.06,0.18,4054.87,2023-10-24
INV1385,03RUAGW7194L3Z8,33OWCHF2872E5Z0,1921.17,0.12,230.54,2023-11-30
INV1386,13YCUYO6518G5Z4,07WQXCI4905X2Z4,47840.54,0.12,5740.86,2023-10-08
INV1387,37GTYXE1033S4Z2,01XYOKY1646T1Z1,38773.01,0.18,6979.14,2023-09-06
INV1388,02CELYJ2206I4Z9,01XYOKY1646T1Z1,28295.63,0.28,7922.78,2023-03-23
INV1389,25RTVYK7453B7Z2,25USHWB5229P2Z8,36016.21,0.18,6482.92,2023-01-23
INV1390,22ISKBY9599L4Z7,28YEAEP6931W7Z9,43273.01,0.12,5192.76,2023-04-21
INV1391,21YKHVU8457A1Z8,24IFHHW3270O6Z6,27362.63,0.18,4925.27,2023-03-17
INV1392,26QULHA1004Z8Z6,02CYSZC6341S5Z6,35435.14,0.18,6378.33,2023-01-31
INV1393,34EDFAY3260O5Z8,37KULXB9200G4Z8,10882.9,0.05,544.14,2023-03-30
INV1394,37GTYXE1033S4Z2,17MVDEJ6549K6Z0,39442.9,0.05,1972.15,2023-05-26
INV1395,07UQWTR6692N4Z0,07WQXCI4905X2Z4,49761.4,0.28,13933.19,2023-04-16
INV1396,14PJTLR3904C6Z6,29VRZAV8727Q9Z8,29418.94,0.28,8237.3,2023-04-23
INV1397,02CELYJ2206I4Z9,01XYOKY1646T1Z1,25927.64,0.12,3111.32,2023-07-13
INV1398,22RSGTL7319Q3Z3,17GSPGB5434H1Z3,39412.65,0.05,1970.63,2023-10-04
INV1399,29NFATF6733F4Z6,12KLYBY9946Z6Z3,36457.64,0.05,1822.88,2023-01-03
INV1400,33MFRAQ9868I7Z0,11BSCJB8479C9Z0,13239.59,0.05,661.98,2023-05-02
INV1401,23OFABF8022B3Z3,18LZWUC3350P8Z5,26300.35,0.05,1315.02,2023-01-31
INV1402,02CELYJ2206I4Z9,01XYOKY1646T1Z1,28577.4,0.18,5143.93,2023-11-19
INV1403,07UQWTR6692N4Z0,12KLYBY9946Z6Z3,41001.67,0.28,11480.47,2023-05-26
INV1404,22RSGTL7319Q3Z3,12STRRR6888J8Z7,16096.28,0.28,4506.96,2023-01-19
INV1405,12QLQAL5735G3Z6,31PHUEW5472J2Z8,45485.04,0.28,12735.81,2023-01-08
INV1406,13YCUYO6518G5Z4,32HFVOI5101P4Z0,30854.79,0.12,3702.57,2023-05-22
INV1407,37GTYXE1033S4Z2,18CITNZ3125J1Z2,10992.13,0.18,1978.58,2023-04-07
INV1408,06QJYPA1654E8Z0,31ZAASF7730S7Z5,12984.91,0.12,1558.19,2023-08-14
INV1409,21UTLQM5095Q8Z0,23IIGGO4081N8Z5,37366.82,0.12,4484.02,2023-03-16
INV1410,03RUAGW7194L3Z8,29ZSIMF3218E9Z6,39485.66,0.05,1974.28,2023-06-09
INV1411,15SXXGJ5713W3Z4,17GSPGB5434H1Z3,44776.42,0.28,12537.4,2023-07-14
INV1412,02CELYJ2206I4Z9,01XYOKY1646T1Z1,26196.08,0.05,1309.8,2023-04-24
INV1413,14LQGWQ5015N5Z1,22NYCDV8659B4Z0,6677.57,0.18,1201.96,2023-06-18
INV1414,02CELYJ2206I4Z9,01XYOKY1646T1Z1,14624.1,0.12,1754.89,2023-11-16
INV1415,21XYWSR9958P2Z6,12KLYBY9946Z6Z3,30273.64,0.12,3632.84,2023-08-07
INV1416,21UTLQM5095Q8Z0,10AUNPR4896F5Z6,44159.7,0.28,12364.72,2023-07-20
INV1417,37GTYXE1033S4Z2,05VYNMV6149X6Z5,34694.31,0.18,6244.98,2023-07-26
INV1418,33MFRAQ9868I7Z0,17WZHLU5422Z9Z0,42322.91,0.05,1339.47,2023-09-08
INV1419,02CELYJ2206I4Z9,01XYOKY1646T1Z1,44369.3,0.18,7986.47,2023-09-14
INV1420,33OELVX6056I9Z0,10FKIKI5434K8Z1,6993.38,0.12,839.21,2023-09-02
INV1421,31WDTAH3920P7Z7,31ZAASF7730S7Z5,20782.09,0.18,3740.78,2023-03-25
INV1422,06QJYPA1654E8Z0,17MVDEJ6549K6Z0,33561.75,0.28,9397.29,2023-03-10
INV1423,01UTOBK2705M8Z1,23BCARM9031R4Z1,9894.33,0.28,2770.41,2023-06-08
INV1424,22RSGTL7319Q3Z3,31PHUEW5472J2Z8,34795.39,0.12,4175.45,2023-11-30
INV1425,07UQWTR6692N4Z0,12KLYBY9946Z6Z3,3358.07,0.12,402.97,2023-08-08
INV1426,25RTVYK7453B7Z2,04SJOVQ8737U3Z9,36623.55,0.05,1831.18,2023-06-19
INV1427,02CELYJ2206I4Z9,01XYOKY1646T1Z1,47122.09,0.12,5654.65,2023-01-31
INV1428,35ZWNWW1768N4Z0,29ZSIMF3218E9Z6,1917651.83,0.12,230118.22,2023-02-20
INV1429,21YKHVU8457A1Z8,17WZHLU5422Z9Z0,41652.34,0.28,11662.66,2023-07-18
INV1430,33MFRAQ9868I7Z0,02CINGM1893T2Z1,15702.49,0.12,1884.3,2023-12-17
INV1431,06FYWTV9758O1Z5,23UCVVE7451Y3Z4,23988.53,0.05,1199.43,2023-03-16
INV1432,28HAVTJ8091J7Z5,31URDJU9933R7Z4,18232.03,0.18,3281.77,2023-01-05
INV1433,32FBKUN8541E7Z4,30DJYKH1260X4Z8,13485.4,0.12,1618.25,2023-10-17
INV1434,32FBKUN8541E7Z4,26WHELH6539L4Z3,26446.17,0.18,4760.31,2023-03-04
INV1435,33OELVX6056I9Z0,11BSCJB8479C9Z0,39840.95,0.12,4780.91,2023-06-11
INV1436,28HAVTJ8091J7Z5,08XRTSN2410F6Z6,9422.55,0.28,1940.41,2023-04-03
INV1437,31IENCT1361W3Z5,11BSCJB8479C9Z0,22521.18,0.12,2702.54,2023-05-07
INV1438,06FYWTV9758O1Z5,27IJUKB1676T7Z7,1322.34,0.18,238.02,2023-01-08
INV1439,04HLRPY2007M9Z8,35TCDSA5098P6Z8,16197.43,0.28,4535.28,2023-06-19
INV1440,02CELYJ2206I4Z9,22SXIJK8665E7Z4,41004.57,0.12,4920.55,2023-05-28
INV1441,08KRVOG6541R7Z3,03KZUEF7185Y2Z7,37940.27,0.18,6829.25,2023-07-01
INV1442,25RTVYK7453B7Z2,07MOZZN3438F8Z9,5593.64,0.05,279.68,2023-11-14
INV1443,14LQGWQ5015N5Z1,28SQDMJ8066P5Z9,30838.63,0.18,5550.95,2023-12-19
INV1444,33OELVX6056I9Z0,03TZBGG1203I4Z9,48956.73,0.28,13707.88,2023-09-08
INV1445,13HJMVE7454E9Z2,18LZWUC3350P8Z5,47427.7,0.28,13279.76,2023-03-18
INV1446,02CELYJ2206I4Z9,01XYOKY1646T1Z1,30086.51,0.18,5415.57,2023-08-07
INV1447,10LXFBX9583U8Z6,33RHUJZ4050T1Z0,31488.76,0.05,1574.44,2023-01-01
INV1448,24CWCYK8367F5Z4,17LFFNX9073E8Z6,13141.73,0.05,657.09,2023-10-25
INV1449,08JCDBO8072J3Z7,15LFVLH6706E1Z3,49345.36,0.34,16777.42,2023-09-24
INV1450,25RTVYK7453B7Z2,11DXRLO6170Y1Z5,42045.58,0.28,11772.76,2023-07-16
INV1451,09LNJRK4459E6Z2,20NZFWE7462C3Z9,47472.65,0.12,5696.72,2023-12-18
INV1452,02CELYJ2206I4Z9,01XYOKY1646T1Z1,39645.93,0.12,4757.51,2023-09-17
INV1453,06FYWTV9758O1Z5,04SJOVQ8737U3Z9,30953.07,0.12,3714.37,2023-09-27
INV1454,10LXFBX9583U8Z6,11BSCJB8479C9Z0,38158.96,0.18,6868.61,2023-07-31
INV1455,23OFABF8022B3Z3,36NATCJ5512K6Z4,24037.3,0.05,1201.87,2023-05-24
INV1456,14ZACNQ2352Z5Z3,26HDERP2361K6Z9,24495.92,0.18,4409.27,2023-12-06
INV1457,35FSXPU8221I1Z4,05VYNMV6149X6Z5,7942.48,0.18,1429.65,2023-05-13
INV1458,14ZACNQ2352Z5Z3,29FPZTT9307H5Z7,12474.23,0.12,1496.91,2023-06-04
INV1459,21YKHVU8457A1Z8,01JYAWP6337N1Z2,6662.06,0.18,1199.17,2023-12-30
INV1460,33MFRAQ9868I7Z0,12KLYBY9946Z6Z3,7363.2,0.18,1325.38,2023-12-11
INV1461,24BJEAZ2954O6Z7,11DXRLO6170Y1Z5,11277.1,0.28,3157.59,2023-10-20
INV1462,02CELYJ2206I4Z9,01XYOKY1646T1Z1,7480.82,0.28,2094.63,2023-08-14
INV1463,21UTLQM5095Q8Z0,25TTYKO9170Z1Z0,13276.29,0.12,1593.15,2023-03-15
INV1464,08JCDBO8072J3Z7,28YEAEP6931W7Z9,11373.94,0.12,1364.87,2023-12-05
INV1465,10LXFBX9583U8Z6,11XRMHL6521K5Z3,31862.99,0.12,3823.56,2023-01-10
INV1466,34EDFAY3260O5Z8,37KULXB9200G4Z8,18509.21,0.28,5182.58,2023-05-02
INV1467,31WDTAH3920P7Z7,18LZWUC3350P8Z5,15622.06,0.12,1874.65,2023-07-29
INV1468,04RANKK9357P4Z5,08ZMBRO5972K6Z5,31617.79,0.12,3794.13,2023-02-27
INV1469,15SXXGJ5713W3Z4,08VCKRM1066K5Z4,29892.2,0.28,8369.82,2023-03-06
INV1470,22RSGTL7319Q3Z3,25USHWB5229P2Z8,47072.62,0.05,2353.63,2023-01-20
INV1471,21YKHVU8457A1Z8,28HVDSX8257E5Z2,48281.29,0.05,2414.06,2023-09-02
INV1472,02CELYJ2206I4Z9,01XYOKY1646T1Z1,27384.29,0.12,3286.11,2023-05-18
INV1473,35FSXPU8221I1Z4,11DYJGZ9672C5Z6,13465.69,0.05,673.28,2023-02-28
INV1474,21UTLQM5095Q8Z0,15LFVLH6706E1Z3,27155.68,0.28,7603.59,2023-11-24
INV1475,04RANKK9357P4Z5,13IMKKH6338H7Z7,42831.42,0.18,7709.66,2023-02-06
INV1476,02CELYJ2206I4Z9,01XYOKY1646T1Z1,22883.26,0.05,1144.16,2023-05-22
INV1477,08JCDBO8072J3Z7,20FODSS8225J9Z2,15888.01,0.05,794.4,2023-07-14
INV1478,13KHQNV7883M8Z7,03KZUEF7185Y2Z7,17397.11,0.12,2087.65,2023-07-10
INV1479,12RXSEK9807T6Z5,08ZMBRO5972K6Z5,19135.9,0.05,956.8,2023-06-19
INV1480,09LNJRK4459E6Z2,37OWSLV4043M2Z3,12790.31,0.28,3581.29,2023-11-01
INV1481,15SXXGJ5713W3Z4,23UCVVE7451Y3Z4,16908.73,0.05,845.44,2023-04-30
INV1482,15SXXGJ5713W3Z4,22JEAUC8439X3Z3,45404.07,0.12,5448.49,2023-03-02
INV1483,06FYWTV9758O1Z5,12STRRR6888J8Z7,3689.51,0.18,664.11,2023-05-24
INV1484,22ISKBY9599L4Z7,14YNGBI5543Z1Z0,41809.98,0.05,2090.5,2023-11-12
INV1485,26QULHA1004Z8Z6,14YNGBI5543Z1Z0,24039.13,0.18,4327.04,2023-06-16
INV1486,13HJMVE7454E9Z2,23BYGAK8020C1Z0,10879.27,0.28,3046.2,2023-04-19
INV1487,08SQAQX7359E2Z4,10FKIKI5434K8Z1,44497.06,0.18,8009.47,2023-10-31
INV1488,35ZWNWW1768N4Z0,22SXIJK8665E7Z4,37656.87,0.28,10543.92,2023-11-20
INV1489,31IENCT1361W3Z5,29VRZAV8727Q9Z8,36297.63,0.28,10163.34,2023-02-04
INV1490,08KRVOG6541R7Z3,27YDVKG9822F1Z4,32441.97,0.22,7137.23,2023-06-11
INV1491,34EDFAY3260O5Z8,07WQXCI4905X2Z4,6609.07,0.12,793.09,2023-07-20
INV1492,35XRIQV3057F5Z5,24HXOPB2095U3Z1,21534.62,0.18,3876.23,2023-02-24
INV1493,23OFABF8022B3Z3,31ZAASF7730S7Z5,13674.78,0.18,2461.46,2023-06-01
INV1494,21YKHVU8457A1Z8,22JEAUC8439X3Z3,18385.47,0.12,2206.26,2023-02-17
INV1495,34EDFAY3260O5Z8,15QWRYC1831O9Z3,45317.89,0.12,5438.15,2023-09-21
INV1496,02CELYJ2206I4Z9,01XYOKY1646T1Z1,42038.13,0.05,2101.91,2023-01-26
INV1497,31IENCT1361W3Z5,04SJOVQ8737U3Z9,35279.59,0.18,6350.33,2023-02-07
INV1498,28HAVTJ8091J7Z5,23IIGGO4081N8Z5,41602.36,0.05,2080.12,2023-05-29
INV1499,02CELYJ2206I4Z9,08VCKRM1066K5Z4,31233.83,0.18,5622.09,2023-09-28
INV1500,33OELVX6056I9Z0,11DXRLO6170Y1Z5,13395.21,0.18,2411.14,2023-03-15
INV1501,34EDFAY3260O5Z8,02CINGM1893T2Z1,37416.47,0.28,10476.61,2023-09-23
INV1502,33MFRAQ9868I7Z0,07WKTHA7368L2Z7,37524.05,0.28,10506.73,2023-06-04
INV1503,09AEBUY4210L8Z6,24HXOPB2095U3Z1,19642.18,0.05,982.11,2023-09-25
INV1504,02CELYJ2206I4Z9,01XYOKY1646T1Z1,23472.49,0.12,2816.7,2023-08-17
INV1505,13YCUYO6518G5Z4,35PKGRA5032Z4Z9,47394.44,0.12,5687.33,2023-09-09
INV1506,21XYWSR9958P2Z6,35PKGRA5032Z4Z9,5554.03,0.18,999.73,2023-09-13
INV1507,33MFRAQ9868I7Z0,17LFFNX9073E8Z6,39458.25,0.12,4734.99,2023-12-21
INV1508,25RTVYK7453B7Z2,21YXQEF8553O9Z7,24369.66,0.18,4386.54,2023-02-17
INV1509,10CFMBX6397N9Z7,24HDPBI3016W5Z5,43070.95,0.28,12059.87,2023-10-25
INV1510,31WDTAH3920P7Z7,02CINGM1893T2Z1,31858.42,0.28,8920.36,2023-07-05
INV1511,09AEBUY4210L8Z6,01MAWJC8251N1Z1,39168.42,0.28,10967.16,2023-01-22
INV1512,02CELYJ2206I4Z9,12KLYBY9946Z6Z3,12752.14,0.18,2295.39,2023-12-13
INV1513,10LXFBX9583U8Z6,29VRZAV8727Q9Z8,32936.63,0.18,5928.59,2023-03-18
INV1514,06FYWTV9758O1Z5,01QUIHB9973J5Z5,688138.75,0.28,192678.85,2023-09-08
INV1515,08KRVOG6541R7Z3,20FODSS8225J9Z2,33484.36,0.12,4018.12,2023-09-29
INV1516,24CWCYK8367F5Z4,24IFHHW3270O6Z6,28579.33,0.12,3429.52,2023-03-17
INV1517,31IENCT1361W3Z5,01QUIHB9973J5Z5,44247.11,0.28,12389.19,2023-11-09
INV1518,31IENCT1361W3Z5,07MOZZN3438F8Z9,21481.94,0.18,3866.75,2023-06-15
INV1519,23SYSXH1968F8Z7,28HVDSX8257E5Z2,8043.52,0.12,965.22,2023-02-16
INV1520,24BJEAZ2954O6Z7,12GZHTP6858V6Z3,33941.34,0.18,6109.44,2023-01-08
INV1521,14PJTLR3904C6Z6,28HVDSX8257E5Z2,29178.37,0.28,8169.94,2023-03-31
INV1522,07UQWTR6692N4Z0,17TBLAE3334W6Z1,2869.89,0.12,344.39,2023-05-24
INV1523,21UTLQM5095Q8Z0,03TZBGG1203I4Z9,48521.56,0.28,13586.04,2023-11-23
INV1524,08SQAQX7359E2Z4,06RJBFW2871N5Z9,4104.8,0.18,738.86,2023-09-16
INV1525,12QLQAL5735G3Z6,37RGLMX4735P1Z4,730666.43,0.05,36533.32,2023-08-10
INV1526,29NFATF6733F4Z6,31PHUEW5472J2Z8,10762.83,0.28,3013.59,2023-05-31
INV1527,10LXFBX9583U8Z6,21YXQEF8553O9Z7,14545.99,0.28,4072.88,2023-09-07
INV1528,13KHQNV7883M8Z7,18LZWUC3350P8Z5,14069.91,0.28,3939.57,2023-10-21
INV1529,02CELYJ2206I4Z9,01XYOKY1646T1Z1,13410.42,0.28,3754.92,2023-06-15
INV1530,04LRIAE9920Y1Z3,10FKIKI5434K8Z1,44337.61,0.28,12414.53,2023-05-18
INV1531,22ISKBY9599L4Z7,03KZUEF7185Y2Z7,2470.45,0.28,691.73,2023-09-16
INV1532,22ISKBY9599L4Z7,23UCVVE7451Y3Z4,20262.07,0.18,3647.17,2023-10-24
INV1533,08JCDBO8072J3Z7,35PKGRA5032Z4Z9,6897.07,0.18,1241.47,2023-01-17
INV1534,12RXSEK9807T6Z5,01ZDEDJ2085L5Z6,30121.65,0.18,5421.9,2023-05-20
INV1535,28HAVTJ8091J7Z5,27IJUKB1676T7Z7,29153.83,0.18,5247.69,2023-11-20
INV1536,12QLQAL5735G3Z6,12KLYBY9946Z6Z3,28693.9,0.05,1434.7,2023-11-11
INV1537,02CELYJ2206I4Z9,01XYOKY1646T1Z1,34668.37,0.18,6240.31,2023-08-17
INV1538,04LRIAE9920Y1Z3,29WYNHT8402V4Z3,6728.1,0.18,1211.06,2023-05-21
INV1539,25RTVYK7453B7Z2,01ZDEDJ2085L5Z6,9411.98,0.12,1129.44,2023-06-21
INV1540,02CELYJ2206I4Z9,01XYOKY1646T1Z1,13076.69,0.28,3661.47,2023-08-11
INV1541,06FYWTV9758O1Z5,33RHUJZ4050T1Z0,4897.85,0.12,587.74,2023-01-03
INV1542,21XYWSR9958P2Z6,35WJHJI1026J3Z5,10314.74,0.12,1237.77,2023-02-25
INV1543,33OELVX6056I9Z0,08VCKRM1066K5Z4,15126.32,0.18,2722.74,2023-07-06
INV1544,12QLQAL5735G3Z6,35ESQLO5516Y8Z9,43007.93,0.28,12042.22,2023-06-10
INV1545,07HNMMU9635J7Z2,01QUIHB9973J5Z5,31330.24,0.05,1566.51,2023-01-22
INV1546,08SQAQX7359E2Z4,06RJBFW2871N5Z9,926986.48,0.05,46349.32,2023-11-30
INV1547,13KHQNV7883M8Z7,01JYAWP6337N1Z2,24101.96,0.18,4338.35,2023-05-04
INV1548,02CELYJ2206I4Z9,01XYOKY1646T1Z1,24496.05,0.12,2939.53,2023-04-18
INV1549,35FSXPU8221I1Z4,26HDERP2361K6Z9,1866472.54,0.28,522612.31,2023-06-21
INV1550,07HNMMU9635J7Z2,15QWRYC1831O9Z3,38723.57,0.05,1936.18,2023-09-30
INV1551,35FSXPU8221I1Z4,12XBKKZ7393R3Z0,16518.29,0.05,825.91,2023-09-22
INV1552,35ZWNWW1768N4Z0,17GSPGB5434H1Z3,38285.9,0.28,10720.05,2023-12-16
INV1553,35XRIQV3057F5Z5,08ZMBRO5972K6Z5,1495.76,0.05,74.79,2023-09-24
INV1554,23OFABF8022B3Z3,26WHELH6539L4Z3,19975.61,0.12,2397.07,2023-02-25
INV1555,24CWCYK8367F5Z4,18LZWUC3350P8Z5,11646.37,0.28,3260.98,2023-06-11
INV1556,33MFRAQ9868I7Z0,22DMBHW6113V3Z7,22910.73,0.18,4123.93,2023-12-10
INV1557,02CELYJ2206I4Z9,01XYOKY1646T1Z1,17590.51,0.18,3166.29,2023-11-27
INV1558,21YKHVU8457A1Z8,17WZHLU5422Z9Z0,40187.19,0.12,4822.46,2023-07-15
INV1559,04HLRPY2007M9Z8,01XYOKY1646T1Z1,29235.47,0.05,2112.04,2023-01-04
INV1560,21XYWSR9958P2Z6,03BZPIR7129X9Z8,23375.41,0.05,1168.77,2023-11-29
INV1561,09AEBUY4210L8Z6,23UCVVE7451Y3Z4,44266.63,0.05,2213.33,2023-02-21
INV1562,28HAVTJ8091J7Z5,10OIKEH8220X2Z3,19682.0,0.05,984.1,2023-07-09
INV1563,02CELYJ2206I4Z9,01XYOKY1646T1Z1,5868.31,0.18,1056.3,2023-03-29
INV1564,14ZACNQ2352Z5Z3,25USHWB5229P2Z8,5150.78,0.28,1442.22,2023-09-02
INV1565,02CELYJ2206I4Z9,01XYOKY1646T1Z1,30210.01,0.05,1510.5,2023-01-11
INV1566,33OELVX6056I9Z0,22DMBHW6113V3Z7,25994.71,0.12,3119.37,2023-06-12
INV1567,08JCDBO8072J3Z7,17DAYNJ3920A3Z4,25440.92,0.18,4579.37,2023-06-16
INV1568,37GTYXE1033S4Z2,21YXQEF8553O9Z7,46136.62,0.05,2306.83,2023-07-15
INV1569,02CELYJ2206I4Z9,01XYOKY1646T1Z1,41325.62,0.12,6697.6,2023-04-24
INV1570,35XRIQV3057F5Z5,26HDERP2361K6Z9,24867.87,0.28,6963.0,2023-09-13
INV1571,22ISKBY9599L4Z7,24IFHHW3270O6Z6,28926.39,0.28,8099.39,2023-10-05
INV1572,14PJTLR3904C6Z6,14YNGBI5543Z1Z0,9814.98,0.18,1766.7,2023-05-10
INV1573,03RUAGW7194L3Z8,14YNGBI5543Z1Z0,41327.11,0.28,11571.59,2023-01-06
INV1574,07HNMMU9635J7Z2,13IMKKH6338H7Z7,2377.06,0.05,118.85,2023-04-19
INV1575,35XRIQV3057F5Z5,17TBLAE3334W6Z1,38242.76,0.28,10707.97,2023-11-11
INV1576,31IENCT1361W3Z5,22NYCDV8659B4Z0,42593.41,0.18,7666.81,2023-12-16
INV1577,01UTOBK2705M8Z1,25USHWB5229P2Z8,33871.59,0.28,9484.05,2023-07-27
INV1578,04LRIAE9920Y1Z3,35MVUYE5085B6Z5,11081.4,0.25,2770.35,2023-08-31
INV1579,31WDTAH3920P7Z7,34NSHLD1724C3Z8,21886.3,0.12,2626.36,2023-09-25
INV1580,10LXFBX9583U8Z6,16URPBI4247V1Z6,40972.11,0.05,2048.61,2023-01-23
INV1581,13KHQNV7883M8Z7,35WJHJI1026J3Z5,33611.05,0.12,4033.33,2023-04-02
INV1582,26QULHA1004Z8Z6,12STRRR6888J8Z7,26608.31,0.12,3193.0,2023-12-15
INV1583,14PJTLR3904C6Z6,13IMKKH6338H7Z7,20364.41,0.28,5702.03,2023-03-29
INV1584,07UQWTR6692N4Z0,33RHUJZ4050T1Z0,28983.93,0.05,1449.2,2023-08-23
INV1585,24BJEAZ2954O6Z7,29FPZTT9307H5Z7,10805.25,0.05,540.26,2023-08-03
INV1586,25RTVYK7453B7Z2,15QWRYC1831O9Z3,28560.77,0.05,1428.04,2023-02-02
INV1587,32FBKUN8541E7Z4,22JEAUC8439X3Z3,38360.54,0.18,6904.9,2023-12-07
INV1588,26QULHA1004Z8Z6,18CITNZ3125J1Z2,36445.99,0.28,10204.88,2023-12-28
INV1589,31WDTAH3920P7Z7,11DXRLO6170Y1Z5,35540.05,0.18,6397.21,2023-04-18
INV1590,25RTVYK7453B7Z2,05PISWJ3574J3Z4,32229.73,0.28,9024.32,2023-12-29
INV1591,13HJMVE7454E9Z2,05PISWJ3574J3Z4,40888.37,0.28,11448.74,2023-08-02
INV1592,23OFABF8022B3Z3,06RJBFW2871N5Z9,779751.97,0.12,93570.24,2023-11-21
INV1593,21UTLQM5095Q8Z0,27TVRDQ3605V1Z1,23902.95,0.18,4302.53,2023-01-09
INV1594,06QJYPA1654E8Z0,35TCDSA5098P6Z8,9730.05,0.05,486.5,2023-10-13
INV1595,02CELYJ2206I4Z9,01XYOKY1646T1Z1,1656.35,0.28,463.78,2023-10-01
INV1596,32FBKUN8541E7Z4,16PFRLW5496R5Z9,13860.73,0.05,693.04,2023-09-01
INV1597,02CELYJ2206I4Z9,01XYOKY1646T1Z1,43198.07,0.12,5183.77,2023-01-07
INV1598,03RUAGW7194L3Z8,35TCDSA5098P6Z8,29530.56,0.12,3543.67,2023-09-21
INV1599,33MFRAQ9868I7Z0,25LXVWI8702B1Z2,42947.69,0.18,7730.58,2023-04-27
INV1600,35XRIQV3057F5Z5,19ECTVW9730R6Z6,36759.68,0.18,6616.74,2023-12-25
INV1601,09LNJRK4459E6Z2,35TCDSA5098P6Z8,46598.91,0.28,13047.69,2023-11-04
INV1602,04LRIAE9920Y1Z3,13IMKKH6338H7Z7,29832.43,0.28,8353.08,2023-04-09
INV1603,14PJTLR3904C6Z6,22NYCDV8659B4Z0,32671.96,0.18,5880.95,2023-06-26
INV1604,09LNJRK4459E6Z2,07MOZZN3438F8Z9,24473.05,0.05,1223.65,2023-05-05
INV1605,02CELYJ2206I4Z9,01XYOKY1646T1Z1,44775.22,0.28,12537.06,2023-03-14
INV1606,21XYWSR9958P2Z6,33RHUJZ4050T1Z0,46890.39,0.28,13129.31,2023-10-06
INV1607,28HAVTJ8091J7Z5,31URDJU9933R7Z4,13170.33,0.28,3687.69,2023-11-09
INV1608,10LXFBX9583U8Z6,26WHELH6539L4Z3,26067.0,0.12,3128.04,2023-07-05
INV1609,06FYWTV9758O1Z5,35PKGRA5032Z4Z9,14275.79,0.18,2569.64,2023-08-20
INV1610,34EDFAY3260O5Z8,27YDVKG9822F1Z4,44623.61,0.18,8032.25,2023-01-02
INV1611,02CELYJ2206I4Z9,01XYOKY1646T1Z1,5953.53,0.28,1666.99,2023-07-21
INV1612,15SXXGJ5713W3Z4,33RHUJZ4050T1Z0,7336.42,0.18,1320.56,2023-04-26
INV1613,23SYSXH1968F8Z7,15FEMBL7421N1Z0,2583.17,0.28,723.29,2023-12-24
INV1614,02CELYJ2206I4Z9,01XYOKY1646T1Z1,3686.65,0.05,184.33,2023-12-24
INV1615,10LXFBX9583U8Z6,17LFFNX9073E8Z6,22610.29,0.18,4069.85,2023-09-14
INV1616,21XYWSR9958P2Z6,27YDVKG9822F1Z4,17996.74,0.28,5039.09,2023-12-16
INV1617,35ZWNWW1768N4Z0,05VYNMV6149X6Z5,49240.03,0.18,8863.21,2023-10-15
INV1618,08SQAQX7359E2Z4,23IIGGO4081N8Z5,3477.13,0.28,973.6,2023-06-01
INV1619,02CELYJ2206I4Z9,01XYOKY1646T1Z1,42635.47,0.28,11937.93,2023-04-14
INV1620,31WDTAH3920P7Z7,23UCVVE7451Y3Z4,17778.91,0.18,3200.2,2023-04-05
INV1621,14ZACNQ2352Z5Z3,15LFVLH6706E1Z3,40880.61,0.12,4905.67,2023-10-24
INV1622,21XYWSR9958P2Z6,35ESQLO5516Y8Z9,34740.2,0.28,9727.26,2023-06-26
INV1623,02CELYJ2206I4Z9,01XYOKY1646T1Z1,28515.51,0.05,1425.78,2023-01-26
INV1624,33MFRAQ9868I7Z0,37KULXB9200G4Z8,19152.74,0.18,3447.49,2023-02-23
INV1625,13YCUYO6518G5Z4,05VYNMV6149X6Z5,5855.69,0.03,175.67,2023-10-26
INV1626,23SYSXH1968F8Z7,31URDJU9933R7Z4,565493.71,0.05,28274.69,2023-04-29
INV1627,02CELYJ2206I4Z9,01XYOKY1646T1Z1,44055.04,0.18,7929.91,2023-10-20
INV1628,06QJYPA1654E8Z0,07MOZZN3438F8Z9,11362.26,0.18,2045.21,2023-04-12
INV1629,33OELVX6056I9Z0,08ZMBRO5972K6Z5,4467.37,0.12,536.08,2023-04-22
INV1630,08JCDBO8072J3Z7,11DYJGZ9672C5Z6,5437.63,0.05,271.88,2023-10-18
INV1631,02CELYJ2206I4Z9,01XYOKY1646T1Z1,1466789.04,0.05,73339.45,2023-08-21
INV1632,02CELYJ2206I4Z9,01XYOKY1646T1Z1,9201.32,0.05,460.07,2023-11-06
INV1633,32FBKUN8541E7Z4,15FEMBL7421N1Z0,39135.03,0.05,1956.75,2023-10-05
INV1634,32FBKUN8541E7Z4,35ESQLO5516Y8Z9,40603.39,0.28,11368.95,2023-09-06
INV1635,14LQGWQ5015N5Z1,17DAYNJ3920A3Z4,12939.63,0.12,1552.76,2023-11-27
INV1636,13HJMVE7454E9Z2,23IIGGO4081N8Z5,19667.86,0.28,5507.0,2023-10-31
INV1637,33OELVX6056I9Z0,12KLYBY9946Z6Z3,27214.07,0.18,4898.53,2023-03-26
INV1638,04RANKK9357P4Z5,31URDJU9933R7Z4,34760.8,0.12,4171.3,2023-11-14
INV1639,35XRIQV3057F5Z5,01ZDEDJ2085L5Z6,24880.99,0.12,2985.72,2023-12-26
INV1640,37GTYXE1033S4Z2,11DYJGZ9672C5Z6,17365.45,0.18,3125.78,2023-12-29
INV1641,26QULHA1004Z8Z6,22NYCDV8659B4Z0,23783.4,0.12,2854.01,2023-12-12
INV1642,23SYSXH1968F8Z7,01MAWJC8251N1Z1,36403.87,0.12,4368.46,2023-10-02
INV1643,08SQAQX7359E2Z4,29VRZAV8727Q9Z8,20491.5,0.18,3688.47,2023-10-02
INV1644,14ZACNQ2352Z5Z3,25USHWB5229P2Z8,29073.57,0.12,3488.83,2023-07-29
INV1645,23OFABF8022B3Z3,07WQXCI4905X2Z4,13947.43,0.18,2510.54,2023-01-08
INV1646,01UTOBK2705M8Z1,37RGLMX4735P1Z4,12121.27,0.05,606.06,2023-10-26
INV1647,14ZACNQ2352Z5Z3,34NSHLD1724C3Z8,47709.53,0.05,2385.48,2023-05-08
INV1648,25RTVYK7453B7Z2,26HDERP2361K6Z9,7262.84,0.18,1307.31,2023-07-05
INV1649,10LXFBX9583U8Z6,03BZPIR7129X9Z8,37784.75,0.05,1889.24,2023-09-04
INV1650,02CELYJ2206I4Z9,01XYOKY1646T1Z1,24915.15,0.28,6976.24,2023-11-24
INV1651,10CFMBX6397N9Z7,26WHELH6539L4Z3,40654.57,0.05,2032.73,2023-11-14
INV1652,02CELYJ2206I4Z9,01XYOKY1646T1Z1,33080.06,0.12,3969.61,2023-06-14
INV1653,12RXSEK9807T6Z5,23IIGGO4081N8Z5,2826.89,0.12,339.23,2023-09-27
INV1654,08SQAQX7359E2Z4,31ZAASF7730S7Z5,4413.76,0.18,794.48,2023-03-05
INV1655,29NFATF6733F4Z6,25USHWB5229P2Z8,11514.03,0.28,3223.93,2023-08-09
INV1656,01UTOBK2705M8Z1,35ESQLO5516Y8Z9,38302.19,0.28,10724.61,2023-10-02
INV1657,23OFABF8022B3Z3,11OCBDK9323G8Z8,41455.92,0.12,4974.71,2023-08-13
INV1658,13HJMVE7454E9Z2,35ESQLO5516Y8Z9,5389.16,0.18,970.05,2023-11-14
INV1659,06FYWTV9758O1Z5,03TZBGG1203I4Z9,36033.56,0.05,1801.68,2023-09-29
INV1660,26QULHA1004Z8Z6,23IIGGO4081N8Z5,45906.64,0.18,8263.2,2023-11-07
INV1661,02CELYJ2206I4Z9,01XYOKY1646T1Z1,46387.21,0.05,2319.36,2023-02-24
INV1662,06QJYPA1654E8Z0,26HDERP2361K6Z9,14720.87,0.18,1589.84,2023-09-04
INV1663,35XRIQV3057F5Z5,18LZWUC3350P8Z5,40859.0,0.18,7354.62,2023-10-06
INV1664,28HEZWO7744M6Z4,05PISWJ3574J3Z4,20719.59,0.12,2486.35,2023-07-21
INV1665,31WDTAH3920P7Z7,07QIINQ3774O9Z6,27892.85,0.18,5020.71,2023-05-18
INV1666,04HLRPY2007M9Z8,11OCBDK9323G8Z8,34197.34,0.16,5471.57,2023-11-13
INV1667,02CELYJ2206I4Z9,01XYOKY1646T1Z1,30408.68,0.12,3649.04,2023-07-28
INV1668,35XRIQV3057F5Z5,20PNMGX3734K6Z6,19771.65,0.05,988.58,2023-08-04
INV1669,33OELVX6056I9Z0,22SXIJK8665E7Z4,38699.93,0.18,6965.99,2023-10-17
INV1670,06FYWTV9758O1Z5,05VYNMV6149X6Z5,5193.99,0.12,623.28,2023-12-26
INV1671,25RTVYK7453B7Z2,34KKSJA1459Q1Z8,42906.44,0.18,7723.16,2023-02-24
INV1672,33MFRAQ9868I7Z0,37RGLMX4735P1Z4,22215.12,0.28,6220.23,2023-07-20
INV1673,13YCUYO6518G5Z4,07WKTHA7368L2Z7,3253.4,0.12,390.41,2023-01-23
INV1674,02CELYJ2206I4Z9,01XYOKY1646T1Z1,34752.11,0.05,1737.61,2023-08-28
INV1675,13YCUYO6518G5Z4,01ZDEDJ2085L5Z6,20100.75,0.12,2412.09,2023-08-15
INV1676,25RTVYK7453B7Z2,27YDVKG9822F1Z4,18674.97,0.12,2241.0,2023-12-07
INV1677,12RXSEK9807T6Z5,29WYNHT8402V4Z3,47078.91,0.28,13182.09,2023-09-02
INV1678,01UTOBK2705M8Z1,11OCBDK9323G8Z8,46934.33,0.18,8448.18,2023-12-03
INV1679,07UQWTR6692N4Z0,24HXOPB2095U3Z1,28218.53,0.28,7901.19,2023-02-09
INV1680,21UTLQM5095Q8Z0,17DAYNJ3920A3Z4,20939.48,0.12,2512.74,2023-06-26
INV1681,31WDTAH3920P7Z7,17GSPGB5434H1Z3,31031.9,0.28,8688.93,2023-07-31
INV1682,35XRIQV3057F5Z5,22JEAUC8439X3Z3,36774.22,0.12,4412.91,2023-08-26
INV1683,02CELYJ2206I4Z9,01XYOKY1646T1Z1,32077.49,0.07,2245.42,2023-12-27
INV1684,10CFMBX6397N9Z7,11XRMHL6521K5Z3,1861.91,0.28,521.33,2023-08-22
INV1685,35ZWNWW1768N4Z0,01QUIHB9973J5Z5,43251.61,0.28,12110.45,2023-07-13
INV1686,29NFATF6733F4Z6,11DXRLO6170Y1Z5,20883.54,0.12,2506.02,2023-02-10
INV1687,25RTVYK7453B7Z2,28SQDMJ8066P5Z9,13103.53,0.18,2358.64,2023-10-06
INV1688,24BJEAZ2954O6Z7,30DJYKH1260X4Z8,49583.27,0.18,6130.59,2023-04-19
INV1689,12QLQAL5735G3Z6,29ZSIMF3218E9Z6,8474.64,0.05,423.73,2023-02-27
INV1690,04LRIAE9920Y1Z3,02CINGM1893T2Z1,20007.3,0.28,5602.04,2023-11-14
INV1691,33OELVX6056I9Z0,35MVUYE5085B6Z5,41918.55,0.18,7545.34,2023-03-02
INV1692,15SXXGJ5713W3Z4,15QWRYC1831O9Z3,30850.7,0.18,5553.13,2023-09-25
INV1693,01UTOBK2705M8Z1,11XRMHL6521K5Z3,49985.15,0.28,13995.84,2023-05-28
INV1694,24CWCYK8367F5Z4,16URPBI4247V1Z6,9037.01,0.12,1084.44,2023-08-15
INV1695,23SYSXH1968F8Z7,33RHUJZ4050T1Z0,1963.5,0.28,549.78,2023-04-08
INV1696,04HLRPY2007M9Z8,08XRTSN2410F6Z6,47843.26,0.05,2392.16,2023-01-17
INV1697,35FSXPU8221I1Z4,15FEMBL7421N1Z0,39728.45,0.12,4767.41,2023-05-05
INV1698,04LRIAE9920Y1Z3,03TZBGG1203I4Z9,25954.27,0.12,3114.51,2023-10-21
INV1699,21XYWSR9958P2Z6,35TCDSA5098P6Z8,40421.57,0.28,11318.04,2023-08-24
INV1700,31WDTAH3920P7Z7,12GZHTP6858V6Z3,37304.12,0.18,6714.74,2023-10-06
INV1701,13KHQNV7883M8Z7,26HDERP2361K6Z9,24101.7,0.12,2892.2,2023-09-23
INV1702,02CELYJ2206I4Z9,01XYOKY1646T1Z1,34653.22,0.05,1732.66,2023-04-05
INV1703,29NFATF6733F4Z6,23UCVVE7451Y3Z4,49988.75,0.28,13996.85,2023-09-09
INV1704,15SXXGJ5713W3Z4,02CYSZC6341S5Z6,24496.55,0.28,6859.03,2023-04-01
INV1705,22ISKBY9599L4Z7,05TTNZK4254W8Z8,35994.44,0.12,4319.33,2023-03-24
INV1706,13KHQNV7883M8Z7,25LXVWI8702B1Z2,44653.17,0.28,12502.89,2023-01-08
INV1707,02CELYJ2206I4Z9,01XYOKY1646T1Z1,3644.89,0.12,437.39,2023-09-20
INV1708,14PJTLR3904C6Z6,30DJYKH1260X4Z8,26799.11,0.18,4823.84,2023-02-08
INV1709,08KRVOG6541R7Z3,30DJYKH1260X4Z8,43283.19,0.05,2164.16,2023-04-28
INV1710,03RUAGW7194L3Z8,35TCDSA5098P6Z8,39523.26,0.12,4742.79,2023-05-22
INV1711,10CFMBX6397N9Z7,27YDVKG9822F1Z4,15477.81,0.18,2786.01,2023-12-25
INV1712,15SXXGJ5713W3Z4,10FKIKI5434K8Z1,49102.09,0.18,8838.38,2023-05-13
INV1713,04RANKK9357P4Z5,20NZFWE7462C3Z9,23361.8,0.28,6541.3,2023-06-12
INV1714,06FYWTV9758O1Z5,11DXRLO6170Y1Z5,37914.95,0.05,1895.75,2023-10-12
INV1715,28HEZWO7744M6Z4,36NATCJ5512K6Z4,26442.93,0.18,4759.73,2023-02-25
INV1716,31WDTAH3920P7Z7,07MOZZN3438F8Z9,637398.89,0.12,76487.87,2023-05-06
INV1717,14PJTLR3904C6Z6,05TTNZK4254W8Z8,29407.0,0.12,3528.84,2023-12-21
INV1718,33OELVX6056I9Z0,11DYJGZ9672C5Z6,24759.89,0.12,2971.19,2023-10-05
INV1719,35FSXPU8221I1Z4,37KULXB9200G4Z8,40065.64,0.28,11218.38,2023-11-22
INV1720,21YKHVU8457A1Z8,17LFFNX9073E8Z6,10482.96,0.28,2935.23,2023-01-01
INV1721,02CELYJ2206I4Z9,01XYOKY1646T1Z1,31844.51,0.05,1592.23,2023-04-12
INV1722,06QJYPA1654E8Z0,10WQDMV9123S1Z7,16458.26,0.05,822.91,2023-08-27
INV1723,01UTOBK2705M8Z1,02CYSZC6341S5Z6,19175.91,0.12,2301.11,2023-01-06
INV1724,31WDTAH3920P7Z7,10FKIKI5434K8Z1,11473.37,0.28,3212.54,2023-01-07
INV1725,23SYSXH1968F8Z7,22DMBHW6113V3Z7,49172.74,0.28,13768.37,2023-09-22
INV1726,21YKHVU8457A1Z8,11DYJGZ9672C5Z6,30469.8,0.12,3656.38,2023-06-19
INV1727,21XYWSR9958P2Z6,11DXRLO6170Y1Z5,40314.0,0.18,7256.52,2023-05-12
INV1728,26QULHA1004Z8Z6,27YDVKG9822F1Z4,35620.81,0.12,4274.5,2023-09-16
INV1729,12QLQAL5735G3Z6,14YNGBI5543Z1Z0,3782.44,0.18,680.84,2023-10-17
INV1730,33MFRAQ9868I7Z0,11XRMHL6521K5Z3,29103.46,0.28,8148.97,2023-01-31
INV1731,21YKHVU8457A1Z8,03KZUEF7185Y2Z7,27095.33,0.12,3251.44,2023-04-21
INV1732,15SXXGJ5713W3Z4,05VYNMV6149X6Z5,13934.34,0.12,1672.12,2023-05-05
INV1733,21XYWSR9958P2Z6,28SQDMJ8066P5Z9,13424.83,0.12,1610.98,2023-07-29
INV1734,31WDTAH3920P7Z7,08XRTSN2410F6Z6,26201.1,0.28,7336.31,2023-11-17
INV1735,23SYSXH1968F8Z7,24IFHHW3270O6Z6,28024.45,0.28,7846.85,2023-11-10
INV1736,14LQGWQ5015N5Z1,17GSPGB5434H1Z3,11965.69,0.05,598.28,2023-01-27
INV1737,23OFABF8022B3Z3,33OWCHF2872E5Z0,7824.78,0.12,938.97,2023-03-08
INV1738,24BJEAZ2954O6Z7,10AUNPR4896F5Z6,879217.04,0.12,105506.04,2023-06-29
INV1739,09AEBUY4210L8Z6,28SQDMJ8066P5Z9,16943.99,0.18,3049.92,2023-06-21
INV1740,35FSXPU8221I1Z4,15LFVLH6706E1Z3,7340.49,0.12,880.86,2023-02-21
INV1741,13YCUYO6518G5Z4,12GZHTP6858V6Z3,24409.62,0.18,4393.73,2023-06-10
INV1742,08SQAQX7359E2Z4,35WJHJI1026J3Z5,21185.61,0.18,3813.41,2023-06-12
INV1743,06QJYPA1654E8Z0,06RJBFW2871N5Z9,47883.51,0.12,5746.02,2023-04-26
INV1744,02CELYJ2206I4Z9,01XYOKY1646T1Z1,1842061.98,0.18,331571.16,2023-09-02
INV1745,28HAVTJ8091J7Z5,33RHUJZ4050T1Z0,35222.43,0.28,9862.28,2023-12-16
INV1746,14ZACNQ2352Z5Z3,17MVDEJ6549K6Z0,34776.17,0.12,4173.14,2023-07-21
INV1747,04LRIAE9920Y1Z3,12XBKKZ7393R3Z0,32442.61,0.28,9083.93,2023-12-25
INV1748,12QLQAL5735G3Z6,24IFHHW3270O6Z6,24482.65,0.05,1224.13,2023-12-06
INV1749,08KRVOG6541R7Z3,18CITNZ3125J1Z2,29581.57,0.28,8282.84,2023-02-28
INV1750,02CELYJ2206I4Z9,01XYOKY1646T1Z1,19090.43,0.05,954.52,2023-09-09
INV1751,13YCUYO6518G5Z4,10OIKEH8220X2Z3,743498.6,0.05,37174.93,2023-03-22
INV1752,33MFRAQ9868I7Z0,08VCKRM1066K5Z4,28398.44,0.12,3407.81,2023-02-20
INV1753,14LQGWQ5015N5Z1,03BZPIR7129X9Z8,41350.16,0.12,4962.02,2023-06-03
INV1754,25RTVYK7453B7Z2,28SQDMJ8066P5Z9,1638871.06,0.12,171812.82,2023-03-05
INV1755,09AEBUY4210L8Z6,15FEMBL7421N1Z0,34736.87,0.12,4168.42,2023-04-11
INV1756,33MFRAQ9868I7Z0,01JYAWP6337N1Z2,13169.59,0.28,3687.49,2023-05-23
INV1757,33OELVX6056I9Z0,37RGLMX4735P1Z4,46705.72,0.18,8407.03,2023-11-03
INV1758,08KRVOG6541R7Z3,01XYOKY1646T1Z1,38343.4,0.18,6901.81,2023-09-04
INV1759,13YCUYO6518G5Z4,33OWCHF2872E5Z0,14102.53,0.28,3948.71,2023-10-27
INV1760,29NFATF6733F4Z6,34NSHLD1724C3Z8,38348.24,0.18,6902.68,2023-08-12
INV1761,02CELYJ2206I4Z9,01XYOKY1646T1Z1,14101.74,0.05,705.09,2023-11-11
INV1762,37GTYXE1033S4Z2,11XRMHL6521K5Z3,29455.89,0.12,3534.71,2023-08-19
INV1763,13KHQNV7883M8Z7,28SQDMJ8066P5Z9,46830.24,0.05,2341.51,2023-03-17
INV1764,14ZACNQ2352Z5Z3,12GZHTP6858V6Z3,8109.36,0.12,973.12,2023-12-31
INV1765,23SYSXH1968F8Z7,10AUNPR4896F5Z6,13251.13,0.28,3710.32,2023-05-01
INV1766,37GTYXE1033S4Z2,07MOZZN3438F8Z9,39246.27,0.12,4709.55,2023-06-26
INV1767,03RUAGW7194L3Z8,34NSHLD1724C3Z8,32624.97,0.18,5872.49,2023-04-13
INV1768,04HLRPY2007M9Z8,25USHWB5229P2Z8,17530.24,0.18,3155.44,2023-07-08
INV1769,08JCDBO8072J3Z7,29WYNHT8402V4Z3,10230.96,0.12,1227.72,2023-01-15
INV1770,35ZWNWW1768N4Z0,34KKSJA1459Q1Z8,49224.31,0.12,5906.92,2023-01-17
INV1771,02CELYJ2206I4Z9,01XYOKY1646T1Z1,15975.65,0.12,1917.08,2023-05-24
INV1772,03RUAGW7194L3Z8,26WHELH6539L4Z3,19564.94,0.12,2347.79,2023-04-20
INV1773,28HAVTJ8091J7Z5,29WYNHT8402V4Z3,14566.08,0.28,4078.5,2023-05-30
INV1774,02CELYJ2206I4Z9,01XYOKY1646T1Z1,39872.27,0.18,7177.01,2023-10-25
INV1775,09AEBUY4210L8Z6,03BZPIR7129X9Z8,43713.9,0.28,12239.89,2023-08-11
INV1776,02CELYJ2206I4Z9,01XYOKY1646T1Z1,37286.49,0.05,1864.32,2023-01-24
INV1777,13YCUYO6518G5Z4,15FEMBL7421N1Z0,7370.9,0.28,2063.85,2023-06-20
INV1778,22RSGTL7319Q3Z3,37OWSLV4043M2Z3,42440.55,0.18,7639.3,2023-11-15
INV1779,25RTVYK7453B7Z2,17TBLAE3334W6Z1,29470.27,0.18,5304.65,2023-12-04
INV1780,35FSXPU8221I1Z4,07WQXCI4905X2Z4,44793.27,0.18,8062.79,2023-06-12
INV1781,02CELYJ2206I4Z9,01XYOKY1646T1Z1,10049.38,0.05,502.47,2023-07-23
INV1782,22RSGTL7319Q3Z3,37RGLMX4735P1Z4,33320.91,0.05,1666.05,2023-09-29
INV1783,26QULHA1004Z8Z6,05VYNMV6149X6Z5,4201.96,0.18,756.35,2023-01-12
INV1784,07UQWTR6692N4Z0,07QIINQ3774O9Z6,34259.79,0.28,9592.74,2023-10-12
INV1785,01UTOBK2705M8Z1,12STRRR6888J8Z7,35763.3,0.28,10013.72,2023-09-13
INV1786,02CELYJ2206I4Z9,01XYOKY1646T1Z1,34309.18,0.05,1715.46,2023-07-24
INV1787,02CELYJ2206I4Z9,01XYOKY1646T1Z1,9540.2,0.18,1717.24,2023-02-10
INV1788,09LNJRK4459E6Z2,22SXIJK8665E7Z4,33698.26,0.28,9435.51,2023-07-28
INV1789,14PJTLR3904C6Z6,16PFRLW5496R5Z9,12416.58,0.18,2234.98,2023-01-29
INV1790,14LQGWQ5015N5Z1,23IIGGO4081N8Z5,9914.03,0.05,459.54,2023-03-08
INV1791,24CWCYK8367F5Z4,16URPBI4247V1Z6,31081.2,0.18,5594.62,2023-10-08
INV1792,06FYWTV9758O1Z5,05VYNMV6149X6Z5,49793.78,0.18,8962.88,2023-05-30
INV1793,21XYWSR9958P2Z6,13IMKKH6338H7Z7,47310.16,0.05,2365.51,2023-12-04
INV1794,22RSGTL7319Q3Z3,02CINGM1893T2Z1,7735.41,0.12,928.25,2023-07-27
INV1795,14PJTLR3904C6Z6,35WJHJI1026J3Z5,22358.76,0.18,4024.58,2023-03-15
INV1796,37GTYXE1033S4Z2,16URPBI4247V1Z6,13776.35,0.18,2479.74,2023-03-21
INV1797,23OFABF8022B3Z3,20FODSS8225J9Z2,49867.76,0.12,5984.13,2023-06-28
INV1798,13YCUYO6518G5Z4,12GZHTP6858V6Z3,4602.4,0.18,828.43,2023-05-26
INV1799,33MFRAQ9868I7Z0,28YEAEP6931W7Z9,40743.6,0.05,2037.18,2023-01-30
INV1800,14LQGWQ5015N5Z1,19ECTVW9730R6Z6,44205.47,0.05,2210.27,2023-06-18
INV1801,02CELYJ2206I4Z9,01XYOKY1646T1Z1,1437.62,0.12,172.51,2023-11-19
INV1802,02CELYJ2206I4Z9,01XYOKY1646T1Z1,7778.56,0.05,388.93,2023-01-30
INV1803,07HNMMU9635J7Z2,35ESQLO5516Y8Z9,21029.17,0.28,5888.17,2023-09-24
INV1804,21UTLQM5095Q8Z0,02CINGM1893T2Z1,4478.32,0.18,806.1,2023-05-06
INV1805,02CELYJ2206I4Z9,01XYOKY1646T1Z1,27989.66,0.18,5038.14,2023-03-18
INV1806,24BJEAZ2954O6Z7,17WZHLU5422Z9Z0,35277.39,0.28,9877.67,2023-02-07
INV1807,35XRIQV3057F5Z5,19ECTVW9730R6Z6,27580.01,0.18,4964.4,2023-08-18
INV1808,12QLQAL5735G3Z6,11DXRLO6170Y1Z5,663890.45,0.28,185889.33,2023-03-03
INV1809,31IENCT1361W3Z5,22JEAUC8439X3Z3,16645.33,0.18,2996.16,2023-01-12
INV1810,02CELYJ2206I4Z9,01XYOKY1646T1Z1,39769.64,0.28,11135.5,2023-07-17
INV1811,12QLQAL5735G3Z6,29VRZAV8727Q9Z8,37163.48,0.05,1858.17,2023-07-24
INV1812,02CELYJ2206I4Z9,01XYOKY1646T1Z1,48386.11,0.28,13548.11,2023-08-21
INV1813,32FBKUN8541E7Z4,37OWSLV4043M2Z3,46888.91,0.28,13128.89,2023-12-31
INV1814,04LRIAE9920Y1Z3,22DMBHW6113V3Z7,1162495.85,0.05,58124.79,2023-07-31
INV1815,04HLRPY2007M9Z8,11DYJGZ9672C5Z6,36047.88,0.18,6488.62,2023-04-27
INV1816,32FBKUN8541E7Z4,17GSPGB5434H1Z3,13090.97,0.28,3665.47,2023-06-06
INV1817,26QULHA1004Z8Z6,29VRZAV8727Q9Z8,35384.29,0.18,6369.17,2023-10-20
INV1818,23OFABF8022B3Z3,32HFVOI5101P4Z0,49971.61,0.18,8994.89,2023-11-07
INV1819,35FSXPU8221I1Z4,16PFRLW5496R5Z9,1400688.69,0.28,392192.83,2023-07-09
INV1820,35ZWNWW1768N4Z0,22NYCDV8659B4Z0,8557.95,0.12,1026.95,2023-12-14
INV1821,04RANKK9357P4Z5,31PHUEW5472J2Z8,34011.75,0.28,9523.29,2023-12-29
INV1822,08SQAQX7359E2Z4,12GZHTP6858V6Z3,14216.74,0.05,710.84,2023-06-14
INV1823,21YKHVU8457A1Z8,15FEMBL7421N1Z0,5736.25,0.05,286.81,2023-05-07
INV1824,12RXSEK9807T6Z5,30DJYKH1260X4Z8,10921.43,0.18,1965.86,2023-01-08
INV1825,13KHQNV7883M8Z7,37OWSLV4043M2Z3,40412.84,0.28,11315.6,2023-12-26
INV1826,32FBKUN8541E7Z4,22JEAUC8439X3Z3,2013.49,0.05,100.67,2023-04-21
INV1827,26QULHA1004Z8Z6,23IIGGO4081N8Z5,39809.91,0.05,1990.5,2023-11-14
INV1828,22RSGTL7319Q3Z3,07WQXCI4905X2Z4,39846.22,0.28,11156.94,2023-06-09
INV1829,24CWCYK8367F5Z4,11DYJGZ9672C5Z6,42100.01,0.05,2105.0,2023-05-08
INV1830,09AEBUY4210L8Z6,37KULXB9200G4Z8,46428.32,0.05,2321.42,2023-06-28
INV1831,09LNJRK4459E6Z2,03KZUEF7185Y2Z7,28461.07,0.28,7969.1,2023-07-16
INV1832,21YKHVU8457A1Z8,10FKIKI5434K8Z1,31676.2,0.28,8869.34,2023-06-09
INV1833,06FYWTV9758O1Z5,22NYCDV8659B4Z0,36324.83,0.12,4358.98,2023-12-08
INV1834,31IENCT1361W3Z5,05TTNZK4254W8Z8,15555.13,0.12,1866.62,2023-10-18
INV1835,02CELYJ2206I4Z9,01XYOKY1646T1Z1,32141.6,0.28,8999.65,2023-04-01
INV1836,31WDTAH3920P7Z7,31URDJU9933R7Z4,40475.44,0.05,2023.77,2023-05-15
INV1837,24CWCYK8367F5Z4,06RJBFW2871N5Z9,33760.62,0.18,6076.91,2023-05-19
INV1838,24BJEAZ2954O6Z7,08VCKRM1066K5Z4,6250.21,0.05,312.51,2023-07-25
INV1839,02CELYJ2206I4Z9,01XYOKY1646T1Z1,10229.31,0.05,511.47,2023-09-27
INV1840,28HAVTJ8091J7Z5,18LZWUC3350P8Z5,9568.35,0.12,1148.2,2023-02-04
INV1841,35ZWNWW1768N4Z0,10AUNPR4896F5Z6,14573.02,0.12,1748.76,2023-05-24
INV1842,08JCDBO8072J3Z7,15LFVLH6706E1Z3,17577.52,0.05,878.88,2023-11-11
INV1843,31WDTAH3920P7Z7,27YDVKG9822F1Z4,33831.11,0.28,9472.71,2023-02-18
INV1844,03RUAGW7194L3Z8,35TCDSA5098P6Z8,35032.4,0.12,4203.89,2023-04-09
INV1845,07UQWTR6692N4Z0,01ZDEDJ2085L5Z6,15497.21,0.18,2789.5,2023-10-17
INV1846,21YKHVU8457A1Z8,10OIKEH8220X2Z3,1181.75,0.18,212.72,2023-05-19
INV1847,28HEZWO7744M6Z4,15LFVLH6706E1Z3,6177.89,0.05,308.89,2023-07-29
INV1848,06FYWTV9758O1Z5,15LFVLH6706E1Z3,17322.68,0.05,866.13,2023-02-26
INV1849,08KRVOG6541R7Z3,20PNMGX3734K6Z6,22445.6,0.28,6284.77,2023-09-16
INV1850,31IENCT1361W3Z5,29WYNHT8402V4Z3,46680.49,0.18,8402.49,2023-02-24
INV1851,02CELYJ2206I4Z9,01XYOKY1646T1Z1,10367.18,0.05,518.36,2023-11-18
INV1852,06FYWTV9758O1Z5,19ECTVW9730R6Z6,5708.22,0.28,1412.41,2023-01-12
INV1853,06QJYPA1654E8Z0,10FKIKI5434K8Z1,35256.07,0.18,4999.73,2023-06-18
INV1854,24BJEAZ2954O6Z7,37RGLMX4735P1Z4,27678.18,0.05,1383.91,2023-12-27
INV1855,33MFRAQ9868I7Z0,18CITNZ3125J1Z2,1740466.06,0.05,87023.3,2023-02-26
INV1856,31WDTAH3920P7Z7,25LXVWI8702B1Z2,36436.01,0.18,6558.48,2023-09-13
INV1857,02CELYJ2206I4Z9,18CITNZ3125J1Z2,9144.6,0.28,2560.49,2023-04-08
INV1858,24BJEAZ2954O6Z7,35TCDSA5098P6Z8,11936.53,0.18,2148.58,2023-12-18
INV1859,08KRVOG6541R7Z3,33OWCHF2872E5Z0,15141.59,0.12,1816.99,2023-08-21
INV1860,15SXXGJ5713W3Z4,28SQDMJ8066P5Z9,1170.04,0.18,210.61,2023-06-02
INV1861,31WDTAH3920P7Z7,10WQDMV9123S1Z7,1152.44,0.12,138.29,2023-07-12
INV1862,14LQGWQ5015N5Z1,35PKGRA5032Z4Z9,33288.78,0.18,5991.98,2023-01-04
INV1863,02CELYJ2206I4Z9,01XYOKY1646T1Z1,1407.07,0.12,168.85,2023-01-11
INV1864,08JCDBO8072J3Z7,37KULXB9200G4Z8,49925.67,0.12,5991.08,2023-08-28
INV1865,22RSGTL7319Q3Z3,29VRZAV8727Q9Z8,1302689.62,0.28,364753.09,2023-12-10
INV1866,02CELYJ2206I4Z9,01XYOKY1646T1Z1,41559.79,0.12,4987.17,2023-02-08
INV1867,35XRIQV3057F5Z5,22DMBHW6113V3Z7,30530.12,0.05,1526.51,2023-08-31
INV1868,02CELYJ2206I4Z9,01XYOKY1646T1Z1,31070.09,0.12,3728.41,2023-12-21
INV1869,08KRVOG6541R7Z3,11BSCJB8479C9Z0,46017.01,0.12,5522.04,2023-11-14
INV1870,13HJMVE7454E9Z2,25LXVWI8702B1Z2,6974.85,0.18,1085.66,2023-03-28
INV1871,13HJMVE7454E9Z2,26HDERP2361K6Z9,3533.49,0.18,636.03,2023-08-09
INV1872,21YKHVU8457A1Z8,25LXVWI8702B1Z2,35528.55,0.12,4263.43,2023-09-20
INV1873,04LRIAE9920Y1Z3,01XYOKY1646T1Z1,22346.32,0.12,2681.56,2023-08-30
INV1874,02CELYJ2206I4Z9,01XYOKY1646T1Z1,17034.32,0.18,3066.18,2023-09-23
INV1875,02CELYJ2206I4Z9,01XYOKY1646T1Z1,35999.2,0.05,1799.96,2023-02-02
INV1876,23SYSXH1968F8Z7,22NYCDV8659B4Z0,6013.21,0.12,721.59,2023-10-19
INV1877,34EDFAY3260O5Z8,25TTYKO9170Z1Z0,1481.05,0.12,177.73,2023-01-17
INV1878,21XYWSR9958P2Z6,22DMBHW6113V3Z7,39145.19,0.05,1957.26,2023-12-10
INV1879,21XYWSR9958P2Z6,08VCKRM1066K5Z4,47057.85,0.18,8470.41,2023-12-12
INV1880,26QULHA1004Z8Z6,12GZHTP6858V6Z3,21958.33,0.12,2635.0,2023-05-21
INV1881,34EDFAY3260O5Z8,07QIINQ3774O9Z6,30177.65,0.12,3621.32,2023-09-26
INV1882,04LRIAE9920Y1Z3,17DAYNJ3920A3Z4,5311.9,0.18,956.14,2023-11-16
INV1883,35FSXPU8221I1Z4,01MAWJC8251N1Z1,47392.84,0.28,13270.0,2023-10-09
INV1884,12RXSEK9807T6Z5,35PKGRA5032Z4Z9,8535.6,0.28,2389.97,2023-09-09
INV1885,06FYWTV9758O1Z5,22SXIJK8665E7Z4,6710.04,0.05,335.5,2023-12-31
INV1886,02CELYJ2206I4Z9,01XYOKY1646T1Z1,34859.47,0.12,4183.14,2023-11-13
INV1887,02CELYJ2206I4Z9,01XYOKY1646T1Z1,29799.33,0.18,5363.88,2023-11-05
INV1888,24BJEAZ2954O6Z7,19ECTVW9730R6Z6,18917.4,0.18,3405.13,2023-02-03
INV1889,21YKHVU8457A1Z8,05VYNMV6149X6Z5,44103.57,0.18,7938.64,2023-06-18
INV1890,03RUAGW7194L3Z8,17LFFNX9073E8Z6,48924.77,0.12,5870.97,2023-12-05
INV1891,35FSXPU8221I1Z4,25LXVWI8702B1Z2,20397.55,0.28,5711.31,2023-07-22
INV1892,12RXSEK9807T6Z5,18CITNZ3125J1Z2,789241.07,0.18,142063.39,2023-12-15
INV1893,06QJYPA1654E8Z0,24VALGC5905L3Z5,29124.11,0.28,8154.75,2023-09-29
INV1894,33OELVX6056I9Z0,08XRTSN2410F6Z6,48216.32,0.18,8678.94,2023-12-07
INV1895,08KRVOG6541R7Z3,20FODSS8225J9Z2,47561.31,0.05,2378.07,2023-05-15
INV1896,06FYWTV9758O1Z5,24HXOPB2095U3Z1,1112406.7,0.28,311473.88,2023-05-22
INV1897,13HJMVE7454E9Z2,35MVUYE5085B6Z5,45558.22,0.12,5466.99,2023-09-17
INV1898,13HJMVE7454E9Z2,11XRMHL6521K5Z3,1877657.85,0.12,225318.94,2023-04-25
INV1899,35ZWNWW1768N4Z0,20FODSS8225J9Z2,16834.37,0.28,4713.62,2023-07-02
INV1900,23OFABF8022B3Z3,27IJUKB1676T7Z7,42722.98,0.18,7690.14,2023-03-29
INV1901,13HJMVE7454E9Z2,22JEAUC8439X3Z3,40802.44,0.05,2040.12,2023-12-15
INV1902,08JCDBO8072J3Z7,21YXQEF8553O9Z7,4009.34,0.18,721.68,2023-04-07
INV1903,08SQAQX7359E2Z4,35WJHJI1026J3Z5,5713.99,0.12,685.68,2023-02-04
INV1904,28HEZWO7744M6Z4,07WKTHA7368L2Z7,38132.88,0.12,4575.95,2023-09-06
INV1905,14ZACNQ2352Z5Z3,08XRTSN2410F6Z6,34301.25,0.18,6174.22,2023-06-21
INV1906,02CELYJ2206I4Z9,01XYOKY1646T1Z1,3935.04,0.18,708.31,2023-10-03
INV1907,03RUAGW7194L3Z8,12STRRR6888J8Z7,5228.28,0.05,261.41,2023-08-01
INV1908,01UTOBK2705M8Z1,29FPZTT9307H5Z7,3392.33,0.05,169.62,2023-01-02
INV1909,02CELYJ2206I4Z9,01XYOKY1646T1Z1,731766.83,0.28,204894.71,2023-10-02
INV1910,03RUAGW7194L3Z8,29VRZAV8727Q9Z8,10905.25,0.18,1962.94,2023-08-27
INV1911,02CELYJ2206I4Z9,01XYOKY1646T1Z1,15069.12,0.05,753.46,2023-03-22
INV1912,31WDTAH3920P7Z7,04SJOVQ8737U3Z9,45400.57,0.18,8172.1,2023-12-07
INV1913,34EDFAY3260O5Z8,23BCARM9031R4Z1,5564.79,0.05,278.24,2023-05-13
INV1914,02CELYJ2206I4Z9,01XYOKY1646T1Z1,6347.37,0.05,317.37,2023-04-13
INV1915,09AEBUY4210L8Z6,29VRZAV8727Q9Z8,7429.15,0.05,371.46,2023-09-16
INV1916,07HNMMU9635J7Z2,07WQXCI4905X2Z4,35656.48,0.05,1782.82,2023-11-13
INV1917,23SYSXH1968F8Z7,28SQDMJ8066P5Z9,47590.03,0.18,8566.21,2023-12-03
INV1918,09LNJRK4459E6Z2,01MAWJC8251N1Z1,5087.81,0.12,610.54,2023-04-21
INV1919,32FBKUN8541E7Z4,10OIKEH8220X2Z3,25758.06,0.05,1287.9,2023-08-16
INV1920,31IENCT1361W3Z5,25TTYKO9170Z1Z0,8221.83,0.05,411.09,2023-04-28
INV1921,28HEZWO7744M6Z4,27IJUKB1676T7Z7,26323.56,0.12,3158.83,2023-10-22
INV1922,02CELYJ2206I4Z9,01XYOKY1646T1Z1,20071.4,0.28,5619.99,2023-11-02
INV1923,04RANKK9357P4Z5,29WYNHT8402V4Z3,1179217.87,0.05,58960.89,2023-08-02
INV1924,21UTLQM5095Q8Z0,32HFVOI5101P4Z0,38332.48,0.18,6899.85,2023-06-02
INV1925,21UTLQM5095Q8Z0,27TVRDQ3605V1Z1,34504.76,0.05,1725.24,2023-08-27
INV1926,09LNJRK4459E6Z2,05VYNMV6149X6Z5,24596.4,0.28,6886.99,2023-10-26
INV1927,35XRIQV3057F5Z5,31PHUEW5472J2Z8,35456.5,0.28,9927.82,2023-09-30
INV1928,02CELYJ2206I4Z9,01XYOKY1646T1Z1,34508.13,0.18,6211.46,2023-10-16
INV1929,08KRVOG6541R7Z3,35ESQLO5516Y8Z9,45632.6,0.28,12777.13,2023-11-07
INV1930,33OELVX6056I9Z0,05TTNZK4254W8Z8,8759.99,0.28,2452.8,2023-03-25
INV1931,37GTYXE1033S4Z2,11DXRLO6170Y1Z5,14460.9,0.28,4049.05,2023-06-28
INV1932,12RXSEK9807T6Z5,34NSHLD1724C3Z8,33990.19,0.12,4078.82,2023-02-25
INV1933,13KHQNV7883M8Z7,24VALGC5905L3Z5,31219.64,0.28,8741.5,2023-11-06
INV1934,28HEZWO7744M6Z4,29ZSIMF3218E9Z6,41743.56,0.18,7513.84,2023-09-25
INV1935,02CELYJ2206I4Z9,01XYOKY1646T1Z1,15958.88,0.12,1915.07,2023-08-30
INV1936,12QLQAL5735G3Z6,03BZPIR7129X9Z8,24680.54,0.12,2961.66,2023-06-30
INV1937,35XRIQV3057F5Z5,17WZHLU5422Z9Z0,1242475.27,0.23,285769.31,2023-05-30
INV1938,33OELVX6056I9Z0,03TZBGG1203I4Z9,39871.39,0.05,1993.57,2023-11-26
INV1939,23OFABF8022B3Z3,18LZWUC3350P8Z5,1728.18,0.12,207.38,2023-03-19
INV1940,32FBKUN8541E7Z4,35MVUYE5085B6Z5,23195.92,0.12,2783.51,2023-06-20
INV1941,02CELYJ2206I4Z9,01XYOKY1646T1Z1,48079.83,0.28,13462.35,2023-08-05
INV1942,24CWCYK8367F5Z4,23BCARM9031R4Z1,1173941.18,0.18,211309.41,2023-10-28
INV1943,34EDFAY3260O5Z8,11DXRLO6170Y1Z5,41421.35,0.05,2071.07,2023-06-29
INV1944,02CELYJ2206I4Z9,01XYOKY1646T1Z1,33241.7,0.28,9307.68,2023-03-02
INV1945,03RUAGW7194L3Z8,07QIINQ3774O9Z6,27095.16,0.28,7586.64,2023-02-28
INV1946,26QULHA1004Z8Z6,12XBKKZ7393R3Z0,39290.98,0.28,11001.47,2023-09-05
INV1947,02CELYJ2206I4Z9,01XYOKY1646T1Z1,9365.6,0.28,2622.37,2023-02-15
INV1948,22RSGTL7319Q3Z3,34KKSJA1459Q1Z8,8607.92,0.28,2410.22,2023-01-11
INV1949,07UQWTR6692N4Z0,16URPBI4247V1Z6,44459.59,0.12,5335.15,2023-01-05
INV1950,23SYSXH1968F8Z7,06RJBFW2871N5Z9,46335.78,0.12,5560.29,2023-12-14
INV1951,08JCDBO8072J3Z7,18LZWUC3350P8Z5,9219.05,0.28,2581.33,2023-03-02
INV1952,08KRVOG6541R7Z3,23UCVVE7451Y3Z4,20425.19,0.28,5719.05,2023-08-28
INV1953,04LRIAE9920Y1Z3,29VRZAV8727Q9Z8,25842.4,0.28,7235.87,2023-02-09
INV1954,14LQGWQ5015N5Z1,06RJBFW2871N5Z9,12440.4,0.28,3483.31,2023-09-09
INV1955,28HEZWO7744M6Z4,28HVDSX8257E5Z2,3574.17,0.18,643.35,2023-09-05
INV1956,14LQGWQ5015N5Z1,10OIKEH8220X2Z3,4463.71,0.18,803.47,2023-05-19
INV1957,35ZWNWW1768N4Z0,05VYNMV6149X6Z5,38500.91,0.05,1925.05,2023-07-12
INV1958,22ISKBY9599L4Z7,17DAYNJ3920A3Z4,1853155.31,0.12,222378.64,2023-10-14
INV1959,37GTYXE1033S4Z2,31PHUEW5472J2Z8,35666.8,0.28,9986.7,2023-11-04
INV1960,01UTOBK2705M8Z1,18LZWUC3350P8Z5,34624.38,0.12,4154.93,2023-12-14
INV1961,10LXFBX9583U8Z6,12XBKKZ7393R3Z0,2162.47,0.12,259.5,2023-07-25
INV1962,02CELYJ2206I4Z9,01XYOKY1646T1Z1,31303.03,0.28,8764.85,2023-01-14
INV1963,22ISKBY9599L4Z7,01MAWJC8251N1Z1,2760.4,0.05,138.02,2023-11-26
INV1964,02CELYJ2206I4Z9,01XYOKY1646T1Z1,5218.38,0.05,260.92,2023-07-21
INV1965,13HJMVE7454E9Z2,25USHWB5229P2Z8,37612.6,0.12,4513.51,2023-09-19
INV1966,09AEBUY4210L8Z6,05VYNMV6149X6Z5,42786.74,0.18,7701.61,2023-03-11
INV1967,33MFRAQ9868I7Z0,20NZFWE7462C3Z9,5258.98,0.12,631.08,2023-06-20
INV1968,09LNJRK4459E6Z2,35TCDSA5098P6Z8,20159.05,0.28,5644.53,2023-09-08
INV1969,14LQGWQ5015N5Z1,23UCVVE7451Y3Z4,19432.52,0.18,3497.85,2023-05-23
INV1970,29NFATF6733F4Z6,01ZDEDJ2085L5Z6,40330.36,0.28,11292.5,2023-11-17
INV1971,13HJMVE7454E9Z2,35WJHJI1026J3Z5,38344.84,0.18,6902.07,2023-09-21
INV1972,24BJEAZ2954O6Z7,24IFHHW3270O6Z6,31040.85,0.18,5587.35,2023-09-27
INV1973,14PJTLR3904C6Z6,35TCDSA5098P6Z8,43366.78,0.18,7806.02,2023-03-17
INV1974,10LXFBX9583U8Z6,37RGLMX4735P1Z4,19875.59,0.18,3577.61,2023-09-16
INV1975,04LRIAE9920Y1Z3,28HVDSX8257E5Z2,44446.93,0.18,8000.45,2023-10-12
INV1976,24CWCYK8367F5Z4,29FPZTT9307H5Z7,1128685.73,0.18,203163.43,2023-01-04
INV1977,31IENCT1361W3Z5,06RJBFW2871N5Z9,18240.68,0.18,3283.32,2023-03-14
INV1978,06FYWTV9758O1Z5,30DJYKH1260X4Z8,38690.04,0.28,10833.21,2023-11-29
INV1979,31WDTAH3920P7Z7,25TTYKO9170Z1Z0,1716594.1,0.18,308986.94,2023-01-15
INV1980,21XYWSR9958P2Z6,37OWSLV4043M2Z3,18852.63,0.05,942.63,2023-02-05
INV1981,25RTVYK7453B7Z2,35WJHJI1026J3Z5,3083.64,0.18,555.06,2023-11-11
INV1982,09AEBUY4210L8Z6,12KLYBY9946Z6Z3,31470.91,0.18,5664.76,2023-01-22
INV1983,25RTVYK7453B7Z2,03BZPIR7129X9Z8,23628.47,0.28,6615.97,2023-07-13
INV1984,28HEZWO7744M6Z4,35PKGRA5032Z4Z9,12680.93,0.18,2282.57,2023-10-12
INV1985,28HEZWO7744M6Z4,31ZAASF7730S7Z5,48493.81,0.05,2424.69,2023-12-12
INV1986,31WDTAH3920P7Z7,35ESQLO5516Y8Z9,20432.2,0.05,1021.61,2023-12-15
INV1987,01UTOBK2705M8Z1,11OCBDK9323G8Z8,42197.81,0.18,7595.61,2023-08-10
INV1988,14PJTLR3904C6Z6,31ZAASF7730S7Z5,10601.05,0.05,530.05,2023-07-31
INV1989,31IENCT1361W3Z5,11DXRLO6170Y1Z5,32325.31,0.28,9051.09,2023-11-03
INV1990,09LNJRK4459E6Z2,24HXOPB2095U3Z1,8276.25,0.28,2317.35,2023-09-20
INV1991,22ISKBY9599L4Z7,23BCARM9031R4Z1,1133.5,0.18,204.03,2023-07-06
INV1992,04LRIAE9920Y1Z3,17LFFNX9073E8Z6,18334.7,0.12,2200.16,2023-09-25
INV1993,35ZWNWW1768N4Z0,31PHUEW5472J2Z8,4071.25,0.18,732.82,2023-09-13
INV1994,33OELVX6056I9Z0,28SQDMJ8066P5Z9,35916.6,0.28,10056.65,2023-08-01
INV1995,22RSGTL7319Q3Z3,11BSCJB8479C9Z0,12880.23,0.12,1545.63,2023-11-30
INV1996,07HNMMU9635J7Z2,34NSHLD1724C3Z8,42781.29,0.05,2378.78,2023-09-17
INV1997,10LXFBX9583U8Z6,29WYNHT8402V4Z3,38012.94,0.28,10643.62,2023-07-18
INV1998,22RSGTL7319Q3Z3,20PNMGX3734K6Z6,10222.78,0.28,2862.38,2023-09-07
INV1999,22RSGTL7319Q3Z3,17WZHLU5422Z9Z0,909024.02,0.05,45451.2,2023-08-16
